,Image Name,Real Label,Predicted Label,Model Confidence
0,"('validation\\bowriding\\Bowriding-06b3c1eb-7ce2-442b-a0e0-98516ebf9128.jpg', 0)",Bowriding,Bowriding,0.8984561
1,"('validation\\bowriding\\Bowriding-0b73dc52-c19b-43d6-8227-e823dcc92841.jpg', 0)",Bowriding,Bowriding,0.68300587
2,"('validation\\bowriding\\Bowriding-0cd53c39-5427-4003-aa63-422bffa7121f.jpg', 0)",Bowriding,Bowriding,0.9854474
3,"('validation\\bowriding\\Bowriding-1150724e-566f-4155-87d6-7c1bd9e8c692.jpg', 0)",Bowriding,Bowriding,0.78755957
4,"('validation\\bowriding\\Bowriding-132ab065-20ae-4cbe-a17b-4a37a4045bf7.jpg', 0)",Bowriding,Bowriding,0.95353925
5,"('validation\\bowriding\\Bowriding-1334f323-32c6-443d-80ee-b7f5614926eb.jpg', 0)",Bowriding,Bowriding,0.9534557
6,"('validation\\bowriding\\Bowriding-14d4244d-1c99-4a8b-bd3f-d4dfd403507f.jpg', 0)",Bowriding,Bowriding,0.99404293
7,"('validation\\bowriding\\Bowriding-15fcd8ca-f24b-45b2-a296-f9d190a5f1ee.jpg', 0)",Bowriding,Bowriding,0.74736124
8,"('validation\\bowriding\\Bowriding-17da69ed-b393-4409-8278-e521a8973990.jpg', 0)",Bowriding,HumanPowered,0.9150145
9,"('validation\\bowriding\\Bowriding-189b5cdf-7e52-492d-bf46-549e10951975.jpg', 0)",Bowriding,Bowriding,0.9820123
10,"('validation\\bowriding\\Bowriding-1bb37ab7-dc8d-49b1-9402-377a16ae77ba.jpg', 0)",Bowriding,Bowriding,0.9307709
11,"('validation\\bowriding\\Bowriding-1db0896e-cbb9-4897-b7cd-bf9737754093.jpg', 0)",Bowriding,Bowriding,0.7089686
12,"('validation\\bowriding\\Bowriding-2433a874-2ed4-4c82-a528-0885e658332e.jpg', 0)",Bowriding,Bowriding,0.9997464
13,"('validation\\bowriding\\Bowriding-248d90ba-ec75-4084-9855-bbb8f7c14f92.jpg', 0)",Bowriding,Bowriding,0.6846441
14,"('validation\\bowriding\\Bowriding-2491d06d-59cc-4bbf-b8d4-a6f50122a1e9.jpg', 0)",Bowriding,Bowriding,0.99547195
15,"('validation\\bowriding\\Bowriding-249af496-b9e4-4c51-882e-9a8a280e0f96.jpg', 0)",Bowriding,Bowriding,0.99472636
16,"('validation\\bowriding\\Bowriding-26966ed6-1edf-4a55-8eb8-05468af586c6.jpg', 0)",Bowriding,Bowriding,0.54438084
17,"('validation\\bowriding\\Bowriding-2776e321-0d79-45fa-a474-716e5cfdf6d0.jpg', 0)",Bowriding,Bowriding,0.84500116
18,"('validation\\bowriding\\Bowriding-28e2f993-bbe8-4f84-a2c2-8462c67e6d73.jpg', 0)",Bowriding,Bowriding,0.7230356
19,"('validation\\bowriding\\Bowriding-2b33e3fd-3a21-4b79-b248-b66e2ffb80b7.jpg', 0)",Bowriding,Bowriding,0.5897453
20,"('validation\\bowriding\\Bowriding-33d5c0e5-7730-4023-a884-b68219e58636.jpg', 0)",Bowriding,Bowriding,0.99965656
21,"('validation\\bowriding\\Bowriding-33df08f6-7143-456d-b8e7-83373e26592c.jpg', 0)",Bowriding,Bowriding,0.9124689
22,"('validation\\bowriding\\Bowriding-375768ff-50fc-409a-adff-6c6a66ec2fbf.jpg', 0)",Bowriding,Bowriding,0.708576
23,"('validation\\bowriding\\Bowriding-3af2335c-1150-4070-92d8-a09a534c1e13.jpg', 0)",Bowriding,Bowriding,0.97761226
24,"('validation\\bowriding\\Bowriding-3f856032-7609-42da-828c-71a8410bdcb1.jpg', 0)",Bowriding,Bowriding,0.9492203
25,"('validation\\bowriding\\Bowriding-3ffdfe18-e51b-4027-8dc8-587b1f032864.jpg', 0)",Bowriding,Bowriding,0.8984855
26,"('validation\\bowriding\\Bowriding-408bc271-c80f-4d1d-b885-d66af51307a0.jpg', 0)",Bowriding,Bowriding,0.8884431
27,"('validation\\bowriding\\Bowriding-44254d83-08b2-44a0-bc0d-5e40414f8517.jpg', 0)",Bowriding,Bowriding,0.9949456
28,"('validation\\bowriding\\Bowriding-4bcb77f2-be31-487f-bd23-7c42fe4e3569.jpg', 0)",Bowriding,Bowriding,0.98542726
29,"('validation\\bowriding\\Bowriding-4e1b0387-69ef-4a0e-a56b-78f8860ea004.jpg', 0)",Bowriding,Bowriding,0.9988475
30,"('validation\\bowriding\\Bowriding-4f4d78fb-93ba-4d56-b710-ac7c9ced39dd.jpg', 0)",Bowriding,Bowriding,0.9736006
31,"('validation\\bowriding\\Bowriding-4ff45269-a76c-4743-82a6-b89c961249c1.jpg', 0)",Bowriding,HumanPowered,0.83402884
32,"('validation\\bowriding\\Bowriding-57a4f994-57e3-444c-be31-d6a6555ad93a.jpg', 0)",Bowriding,Bowriding,0.9904214
33,"('validation\\bowriding\\Bowriding-5afb9d23-fe25-4d55-b10d-eda9c3fc161e.jpg', 0)",Bowriding,Bowriding,0.6761313
34,"('validation\\bowriding\\Bowriding-5d365aa8-dc12-47db-abf8-4ffbfacbccbd.jpg', 0)",Bowriding,Bowriding,0.7720214
35,"('validation\\bowriding\\Bowriding-5d773c78-e166-46ad-aa56-426dbad05264.jpg', 0)",Bowriding,CabinCruise,0.50206393
36,"('validation\\bowriding\\Bowriding-63d8fa43-28d8-4f08-8721-7ccb6f3528b7.jpg', 0)",Bowriding,Bowriding,0.75800556
37,"('validation\\bowriding\\Bowriding-6d748c20-11e2-4bf2-b293-1810f455a118.jpg', 0)",Bowriding,Bowriding,0.9924253
38,"('validation\\bowriding\\Bowriding-7a2ccd84-229d-4d02-9e94-c3f87a8f687f.jpg', 0)",Bowriding,Bowriding,0.9911204
39,"('validation\\bowriding\\Bowriding-7ead6d76-dc68-4c76-aa66-43269bfeaa6f.jpg', 0)",Bowriding,Bowriding,0.929754
40,"('validation\\bowriding\\Bowriding-80b684a7-4440-4c63-8ef7-938310c66d2c.jpg', 0)",Bowriding,Bowriding,0.9862089
41,"('validation\\bowriding\\Bowriding-8987236e-132e-4f74-90bf-f67f91de5a29.jpg', 0)",Bowriding,Bowriding,0.8822902
42,"('validation\\bowriding\\Bowriding-8d09ae88-5b3f-4c0d-9e01-3943b27a0428.jpg', 0)",Bowriding,CabinCruise,0.6435265
43,"('validation\\bowriding\\Bowriding-8ddbe737-0b9c-4e46-8bed-36418d743f73.jpg', 0)",Bowriding,HumanPowered,0.838397
44,"('validation\\bowriding\\Bowriding-8f04d727-6030-4bcf-968d-a286165f8b72.jpg', 0)",Bowriding,Bowriding,0.7956514
45,"('validation\\bowriding\\Bowriding-92501b42-cf8f-4342-bcdd-98d48f50fa6d.jpg', 0)",Bowriding,Bowriding,0.99481624
46,"('validation\\bowriding\\Bowriding-9b0a516b-c2a3-4c9f-b8d8-1d95e1f061db.jpg', 0)",Bowriding,Bowriding,0.9606269
47,"('validation\\bowriding\\Bowriding-a1057ee5-ccbe-413b-bd54-e28934a82493.jpg', 0)",Bowriding,Bowriding,0.995321
48,"('validation\\bowriding\\Bowriding-a141c6e1-d422-4ec9-af0e-e85be4243f78.jpg', 0)",Bowriding,Bowriding,0.99681747
49,"('validation\\bowriding\\Bowriding-a237ab6b-89b9-4e36-b198-3eef9633e6c0.jpg', 0)",Bowriding,Bowriding,0.99233305
50,"('validation\\bowriding\\Bowriding-ab092db4-4374-45b3-a64b-119010230caf.jpg', 0)",Bowriding,Bowriding,0.5153177
51,"('validation\\bowriding\\Bowriding-b9706c1e-ec0e-421a-bf78-98baaf8a9504.jpg', 0)",Bowriding,Bowriding,0.9445814
52,"('validation\\bowriding\\Bowriding-bb479738-9ef8-49f4-9a25-5187301cdfb2.jpg', 0)",Bowriding,Bowriding,0.9990802
53,"('validation\\bowriding\\Bowriding-bcac1837-0abe-475e-b3a6-d5e932ce3e83.jpg', 0)",Bowriding,Bowriding,0.8663561
54,"('validation\\bowriding\\Bowriding-c121366c-07a3-4aea-b862-85ec09d4592d.jpg', 0)",Bowriding,Bowriding,0.61786634
55,"('validation\\bowriding\\Bowriding-c17d2b10-b6d3-4eaa-8af5-70da5dd35855.jpg', 0)",Bowriding,Bowriding,0.99967
56,"('validation\\bowriding\\Bowriding-c9babf18-fc4c-4780-8439-640743b1cfc2.jpg', 0)",Bowriding,Bowriding,0.7475474
57,"('validation\\bowriding\\Bowriding-cf271996-185d-4786-a59b-01912cad643c.jpg', 0)",Bowriding,HumanPowered,0.87655413
58,"('validation\\bowriding\\Bowriding-d3acf343-9d27-4ee5-9e59-4750c515a5a2.jpg', 0)",Bowriding,Bowriding,0.71631336
59,"('validation\\bowriding\\Bowriding-d46d6ccd-55b8-4221-8475-861af265282a.jpg', 0)",Bowriding,Bowriding,0.9973506
60,"('validation\\bowriding\\Bowriding-d478b5c4-d87b-483c-b6c8-5b0cf8cc35d6.jpg', 0)",Bowriding,Bowriding,0.74768853
61,"('validation\\bowriding\\Bowriding-d55bd2c0-db00-4f9a-9f59-7958e9363114.jpg', 0)",Bowriding,Bowriding,0.98874843
62,"('validation\\bowriding\\Bowriding-daa15095-a9ba-440e-a6d5-55111b54ad83.jpg', 0)",Bowriding,Bowriding,0.8620557
63,"('validation\\bowriding\\Bowriding-db488070-eef8-4c10-a147-27406715882a.jpg', 0)",Bowriding,Bowriding,0.8289767
64,"('validation\\bowriding\\Bowriding-db72da2b-7c98-49f2-a72b-efae026bdb37.jpg', 0)",Bowriding,Bowriding,0.83702356
65,"('validation\\bowriding\\Bowriding-db80ec78-fa3e-4359-80c0-8f819aed9c3b.jpg', 0)",Bowriding,Bowriding,0.9879595
66,"('validation\\bowriding\\Bowriding-dba7c1f9-73c0-4d16-ab75-9d5c7357e35a.jpg', 0)",Bowriding,Bowriding,0.9921067
67,"('validation\\bowriding\\Bowriding-dbffddb4-1c64-41da-b68e-680c0b3fa861.jpg', 0)",Bowriding,Bowriding,0.7577299
68,"('validation\\bowriding\\Bowriding-dcd6ec0a-8891-4251-acc5-1e2b3a05ebb0.jpg', 0)",Bowriding,CabinCruise,0.5064643
69,"('validation\\bowriding\\Bowriding-e0b470c4-192b-40f7-b583-36da22930418.jpg', 0)",Bowriding,Bowriding,0.9982488
70,"('validation\\bowriding\\Bowriding-e1c028a0-b7a3-4424-b48f-d0de1f0907a6.jpg', 0)",Bowriding,Bowriding,0.58227324
71,"('validation\\bowriding\\Bowriding-ea94ac25-de1f-4b20-adc9-4a9dd47e45d1.jpg', 0)",Bowriding,Bowriding,0.67144436
72,"('validation\\bowriding\\Bowriding-ee915774-d8d7-4b69-86d8-c3e2692386c0.jpg', 0)",Bowriding,Bowriding,0.9056962
73,"('validation\\bowriding\\Bowriding-f1deb490-444f-4a90-a2db-822e6f80dddc.jpg', 0)",Bowriding,Bowriding,0.9476399
74,"('validation\\bowriding\\Bowriding-fdf817ce-64ac-4612-91dd-c500d997f6e0.jpg', 0)",Bowriding,Bowriding,0.9977081
75,"('validation\\bowriding\\Bowriding-ffe6c3f3-df80-4363-8073-5a2766f28eb2.jpg', 0)",Bowriding,Bowriding,0.9978085
76,"('validation\\cabincruiser\\CabinCruiser-02a4ebad-9686-48b2-9a54-068f1fe742a2.jpg', 1)",CabinCruise,CabinCruise,0.9918995
77,"('validation\\cabincruiser\\CabinCruiser-08dffc40-8624-4567-9fe2-16dc33091599.jpg', 1)",CabinCruise,CabinCruise,0.999998
78,"('validation\\cabincruiser\\CabinCruiser-0ac30d28-3159-4891-9a2d-870a2a8950a4.jpg', 1)",CabinCruise,CabinCruise,0.99706906
79,"('validation\\cabincruiser\\CabinCruiser-0d9ef50c-6a0d-42ce-b41e-247678bd0beb.jpg', 1)",CabinCruise,CabinCruise,0.9242699
80,"('validation\\cabincruiser\\CabinCruiser-0de59858-7415-4943-b2d1-ff3407ade5ba.jpg', 1)",CabinCruise,CabinCruise,0.9067136
81,"('validation\\cabincruiser\\CabinCruiser-125b95d9-2f40-4daa-bebf-4362cf7d5178.jpg', 1)",CabinCruise,CabinCruise,0.98677075
82,"('validation\\cabincruiser\\CabinCruiser-12d32b7c-8f03-4b47-8cf4-b3e0fcb02cf0.jpg', 1)",CabinCruise,CabinCruise,0.98593545
83,"('validation\\cabincruiser\\CabinCruiser-1e970f56-209b-4aad-9151-ad19228a64a5.jpg', 1)",CabinCruise,CabinCruise,0.99999726
84,"('validation\\cabincruiser\\CabinCruiser-1fce0e2e-8d76-48eb-8c5b-961b070c6982.jpg', 1)",CabinCruise,CabinCruise,0.99929905
85,"('validation\\cabincruiser\\CabinCruiser-2793eb4a-fd33-4e79-b3e8-8dd406943f96.jpg', 1)",CabinCruise,CabinCruise,0.9959279
86,"('validation\\cabincruiser\\CabinCruiser-2c420d88-75aa-4df3-8c13-b984bef5c050.jpg', 1)",CabinCruise,CabinCruise,0.9931329
87,"('validation\\cabincruiser\\CabinCruiser-37c24611-9c00-4548-863a-003ee2d9e9d6.jpg', 1)",CabinCruise,CabinCruise,0.99802905
88,"('validation\\cabincruiser\\CabinCruiser-3e9dab10-595f-46a4-8f9e-d07e250a5996.jpg', 1)",CabinCruise,CabinCruise,0.91951615
89,"('validation\\cabincruiser\\CabinCruiser-460ff439-294b-41a2-973e-202c5845408f.jpg', 1)",CabinCruise,CabinCruise,0.89060336
90,"('validation\\cabincruiser\\CabinCruiser-4a3ab111-f15c-407c-bf27-23e574e0b085.jpg', 1)",CabinCruise,CabinCruise,0.9205551
91,"('validation\\cabincruiser\\CabinCruiser-503c82b7-1422-45e9-8d97-5a478941141a.jpg', 1)",CabinCruise,CabinCruise,0.999948
92,"('validation\\cabincruiser\\CabinCruiser-515c1c65-ef9d-49fd-b36d-78ebf35e695a.jpg', 1)",CabinCruise,CabinCruise,0.9991283
93,"('validation\\cabincruiser\\CabinCruiser-521056f8-d533-4c8a-8bca-9b2000fb3f10.jpg', 1)",CabinCruise,CabinCruise,0.9756554
94,"('validation\\cabincruiser\\CabinCruiser-53203436-2e80-4732-a631-0bad75dc7a24.jpg', 1)",CabinCruise,CabinCruise,0.93528783
95,"('validation\\cabincruiser\\CabinCruiser-5596c6bd-02cd-4a58-863d-5591be3922eb.jpg', 1)",CabinCruise,CabinCruise,0.9997825
96,"('validation\\cabincruiser\\CabinCruiser-58c2013a-7048-42bf-bbef-5661945b9b10.jpg', 1)",CabinCruise,CabinCruise,0.9990859
97,"('validation\\cabincruiser\\CabinCruiser-59d7b542-7e51-4e21-b626-822a0ad033eb.jpg', 1)",CabinCruise,CabinCruise,0.99918526
98,"('validation\\cabincruiser\\CabinCruiser-5de95e9d-f755-4291-be79-50cf074ed844.jpg', 1)",CabinCruise,CabinCruise,0.9616194
99,"('validation\\cabincruiser\\CabinCruiser-5ea3d125-d64e-4bc2-a850-c06a22188b07.jpg', 1)",CabinCruise,CabinCruise,0.8433866
100,"('validation\\cabincruiser\\CabinCruiser-65b199d6-76c9-4165-9a65-f3df4b159b0d.jpg', 1)",CabinCruise,CabinCruise,0.99153906
101,"('validation\\cabincruiser\\CabinCruiser-693fefdf-d433-4b94-8985-bb126054c9a5.jpg', 1)",CabinCruise,CabinCruise,0.9999639
102,"('validation\\cabincruiser\\CabinCruiser-6b8c21e8-5e97-42df-b99c-3d1e45722d59.jpg', 1)",CabinCruise,CabinCruise,0.85156184
103,"('validation\\cabincruiser\\CabinCruiser-6e17c87c-248e-45f9-bfef-bb12018cf0a1.jpg', 1)",CabinCruise,CabinCruise,0.9140302
104,"('validation\\cabincruiser\\CabinCruiser-6ebc587a-ca94-475c-9291-7d9588a20bcb.jpg', 1)",CabinCruise,CabinCruise,0.9999356
105,"('validation\\cabincruiser\\CabinCruiser-74b8f4c4-5e36-4ae5-bf62-8cf63559f727.jpg', 1)",CabinCruise,CabinCruise,0.9920556
106,"('validation\\cabincruiser\\CabinCruiser-778c2120-e774-49dd-8a1d-7992e39d0508.jpg', 1)",CabinCruise,CabinCruise,0.9987041
107,"('validation\\cabincruiser\\CabinCruiser-7adc8175-94df-483f-ade5-d82d4289eed6.jpg', 1)",CabinCruise,CabinCruise,0.9998454
108,"('validation\\cabincruiser\\CabinCruiser-7fe6fe96-ce5d-47cd-b536-ebe1850ec422.jpg', 1)",CabinCruise,CabinCruise,0.98770684
109,"('validation\\cabincruiser\\CabinCruiser-8a71ff2b-2f92-4642-bd17-bf1dbf0f15c4.jpg', 1)",CabinCruise,CabinCruise,0.99999523
110,"('validation\\cabincruiser\\CabinCruiser-8e012aad-b02d-406a-bfed-2abd0cae405f.jpg', 1)",CabinCruise,CabinCruise,0.9999976
111,"('validation\\cabincruiser\\CabinCruiser-91bd128b-9dd8-46a2-9d51-31a9ab9a62cc.jpg', 1)",CabinCruise,CabinCruise,0.9624556
112,"('validation\\cabincruiser\\CabinCruiser-91c2b720-ba2a-49b3-8338-5451b64d529a.jpg', 1)",CabinCruise,CabinCruise,0.9842988
113,"('validation\\cabincruiser\\CabinCruiser-9bac48aa-2823-41b5-bc29-cce2bc48935b.jpg', 1)",CabinCruise,CabinCruise,0.98992133
114,"('validation\\cabincruiser\\CabinCruiser-9d15b80f-0a88-4f7e-8e79-2bcb31476ffc.jpg', 1)",CabinCruise,CabinCruise,0.99872524
115,"('validation\\cabincruiser\\CabinCruiser-a8347ad2-94c1-4039-91f2-ebf2db6ea87d.jpg', 1)",CabinCruise,CabinCruise,0.7658795
116,"('validation\\cabincruiser\\CabinCruiser-b3d3a5fc-fee4-493f-b189-aab54d333d61.jpg', 1)",CabinCruise,CabinCruise,0.99615955
117,"('validation\\cabincruiser\\CabinCruiser-b4273cc2-0b62-4372-b979-27366dc8b2e8.jpg', 1)",CabinCruise,CabinCruise,0.9911027
118,"('validation\\cabincruiser\\CabinCruiser-ba0f7b7a-edb2-423c-97a2-6791dee4e6e0.jpg', 1)",CabinCruise,CabinCruise,0.9992588
119,"('validation\\cabincruiser\\CabinCruiser-bb74011f-1c5f-4c2e-b94b-37fcd8cf7eb1.jpg', 1)",CabinCruise,CabinCruise,0.8992849
120,"('validation\\cabincruiser\\CabinCruiser-bc21eb34-982b-4bb9-b112-10258f3f8cc4.jpg', 1)",CabinCruise,CabinCruise,0.8467848
121,"('validation\\cabincruiser\\CabinCruiser-be5e5b30-b979-44bb-bc6f-aa005fca3c55.jpg', 1)",CabinCruise,CabinCruise,0.9998522
122,"('validation\\cabincruiser\\CabinCruiser-bfcaec7d-5861-4c26-a4b3-2c0bfe69e5db.jpg', 1)",CabinCruise,CabinCruise,0.9996377
123,"('validation\\cabincruiser\\CabinCruiser-c2bf4e3a-cb4c-420f-8621-2db5c72350f2.jpg', 1)",CabinCruise,CabinCruise,0.8868008
124,"('validation\\cabincruiser\\CabinCruiser-cc4b0089-0dc5-452b-ab50-291733dc8c98.jpg', 1)",CabinCruise,CabinCruise,0.90929514
125,"('validation\\cabincruiser\\CabinCruiser-d35f6e99-0fe3-4d35-ba2a-fadb355d42a0.jpg', 1)",CabinCruise,CabinCruise,0.59476644
126,"('validation\\cabincruiser\\CabinCruiser-d3f79c4e-8f79-45ae-8731-5b608d6555d5.jpg', 1)",CabinCruise,CabinCruise,0.90387774
127,"('validation\\cabincruiser\\CabinCruiser-d9dbd96b-ace6-458c-81eb-221a47a2f981.jpg', 1)",CabinCruise,CabinCruise,0.999617
128,"('validation\\cabincruiser\\CabinCruiser-ec1a6619-407e-4d58-bfd2-642c51a1cc6c.jpg', 1)",CabinCruise,CabinCruise,0.98438394
129,"('validation\\cabincruiser\\CabinCruiser-ed507b63-1497-4fd1-aad5-d15c955f143e.jpg', 1)",CabinCruise,CabinCruise,0.962029
130,"('validation\\cabincruiser\\CabinCruiser-ed86ac8b-83e8-47d4-b1c8-d61614c41a6a.jpg', 1)",CabinCruise,CabinCruise,0.9999969
131,"('validation\\cabincruiser\\CabinCruiser-eea0f507-3d95-4433-870e-b4ea5edff8a3.jpg', 1)",CabinCruise,CabinCruise,0.99999607
132,"('validation\\cabincruiser\\CabinCruiser-f238fe14-7cae-4a74-bd19-a59007ea677a.jpg', 1)",CabinCruise,Commercial,0.6485469
133,"('validation\\cabincruiser\\CabinCruiser-f3c4ff5e-2916-40d0-b46a-7f4a122fff4d.jpg', 1)",CabinCruise,CabinCruise,0.9991726
134,"('validation\\cabincruiser\\CabinCruiser-f840d266-3f81-477b-a26b-73adaff1cb43.jpg', 1)",CabinCruise,CabinCruise,0.88613683
135,"('validation\\cabincruiser\\CabinCruiser-f9ec5037-5247-471c-94dd-7d3d457de455.jpg', 1)",CabinCruise,CabinCruise,0.912317
136,"('validation\\cabincruiser\\CabinCruiser-ff0a9d18-c3b8-4513-8f29-4aceed64cac7.jpg', 1)",CabinCruise,CabinCruise,0.99934155
137,"('validation\\commercial\\Commercial-03a9a4f3-d416-43c9-a2af-3bc7b07f08fa.jpg', 2)",Commercial,Commercial,0.99563473
138,"('validation\\commercial\\Commercial-03f07713-7d0f-4c74-98e9-0457c67399b6.jpg', 2)",Commercial,Commercial,0.99189794
139,"('validation\\commercial\\Commercial-1530e8dd-2578-4edc-aa11-135580fd7662.jpg', 2)",Commercial,Commercial,0.992025
140,"('validation\\commercial\\Commercial-15db1762-2d87-43dd-a5a2-7359aae71506.jpg', 2)",Commercial,Commercial,0.9566567
141,"('validation\\commercial\\Commercial-2dfc273e-c2e0-49dc-8d95-2234389730c2.jpg', 2)",Commercial,Commercial,0.9995426
142,"('validation\\commercial\\Commercial-2eccb370-1211-49ad-af99-10ba6064542e.jpg', 2)",Commercial,Commercial,0.9999149
143,"('validation\\commercial\\Commercial-34454fd4-aca5-4bc1-ad39-c77f36391773.jpg', 2)",Commercial,Commercial,0.99998796
144,"('validation\\commercial\\Commercial-34f73668-f48e-4a76-b051-3e8f8d7cebd3.jpg', 2)",Commercial,Commercial,0.9999865
145,"('validation\\commercial\\Commercial-35c210e6-4b3d-4814-a604-c2994dadbaa2.jpg', 2)",Commercial,Commercial,0.9990657
146,"('validation\\commercial\\Commercial-3c191cfb-a689-4535-959d-85c7c1f45c19.jpg', 2)",Commercial,Commercial,0.9824995
147,"('validation\\commercial\\Commercial-3d28bf90-b879-416f-b2f3-345aec184297.jpg', 2)",Commercial,Commercial,0.9998932
148,"('validation\\commercial\\Commercial-416c9599-f1ef-410b-9117-2341e15ce2e4.jpg', 2)",Commercial,Commercial,0.9256076
149,"('validation\\commercial\\Commercial-47787456-e318-4ad0-88de-291e4b5c0767.jpg', 2)",Commercial,Commercial,0.9998741
150,"('validation\\commercial\\Commercial-47f20294-f18e-4212-a7aa-97ccd4d684a1.jpg', 2)",Commercial,Commercial,0.9999193
151,"('validation\\commercial\\Commercial-4d0d42c2-ceb6-4060-8423-be490c406772.jpg', 2)",Commercial,Commercial,0.858222
152,"('validation\\commercial\\Commercial-50641542-8bc7-4962-a085-9da259572d08.jpg', 2)",Commercial,Commercial,0.99933714
153,"('validation\\commercial\\Commercial-5748f00a-0866-4838-b80f-1f783f57ac06.jpg', 2)",Commercial,Commercial,0.99065316
154,"('validation\\commercial\\Commercial-58b61aa5-fd50-49bc-b608-86e68835f5cd.jpg', 2)",Commercial,Commercial,0.9999416
155,"('validation\\commercial\\Commercial-5b4a3a5d-d74d-47ca-8476-ad62f3d224cb.jpg', 2)",Commercial,Commercial,0.9616592
156,"('validation\\commercial\\Commercial-5b64bbef-95d8-4dd4-bbc9-5cf21798ece8.jpg', 2)",Commercial,Commercial,0.99974626
157,"('validation\\commercial\\Commercial-6363c768-c26a-48a8-bcc8-bd520b591ed1.jpg', 2)",Commercial,Commercial,0.9997342
158,"('validation\\commercial\\Commercial-6f8d6556-094a-46cb-8c46-f7d6b3a19ce0.jpg', 2)",Commercial,Commercial,0.9909565
159,"('validation\\commercial\\Commercial-718a4204-7954-480e-a7ca-5132d3122aa6.jpg', 2)",Commercial,Commercial,0.99781334
160,"('validation\\commercial\\Commercial-74e3d7e3-eda9-4aaa-a3de-abffaa0a3222.jpg', 2)",Commercial,Commercial,0.9999862
161,"('validation\\commercial\\Commercial-75d7da6a-0d04-4f59-a94f-62380933b971.jpg', 2)",Commercial,Commercial,0.9996339
162,"('validation\\commercial\\Commercial-789b5474-2d54-48f9-8aa5-ce0074c6b85a.jpg', 2)",Commercial,Commercial,0.9996014
163,"('validation\\commercial\\Commercial-868f943c-9b6d-4266-b514-735bec5bc8cf.jpg', 2)",Commercial,Commercial,0.998906
164,"('validation\\commercial\\Commercial-86db7ac2-1f02-402d-ac76-c4039868e591.jpg', 2)",Commercial,Commercial,0.9997793
165,"('validation\\commercial\\Commercial-8866b908-1549-4f22-a703-a5c138365919.jpg', 2)",Commercial,Commercial,0.998662
166,"('validation\\commercial\\Commercial-9b122350-be29-4ae8-bdf7-1b6a69992e0b.jpg', 2)",Commercial,Commercial,0.9873404
167,"('validation\\commercial\\Commercial-9b4ea55f-6b5d-470b-9eec-9caabd531b24.jpg', 2)",Commercial,Commercial,0.99992526
168,"('validation\\commercial\\Commercial-9c18965b-6aa4-45f4-a5b9-5c5f9744243c.jpg', 2)",Commercial,Commercial,0.9999125
169,"('validation\\commercial\\Commercial-a522e566-091f-403f-95de-46893a8abc68.jpg', 2)",Commercial,Commercial,0.99997675
170,"('validation\\commercial\\Commercial-aad0e5e9-847d-4c8e-b662-3f7e02edd158.jpg', 2)",Commercial,Commercial,0.99991953
171,"('validation\\commercial\\Commercial-acb98b6d-5735-4746-8aa9-5c1f2086ad2a.jpg', 2)",Commercial,Commercial,0.9999143
172,"('validation\\commercial\\Commercial-af5f325d-563c-4d07-a902-f01f8044b8d1.jpg', 2)",Commercial,Commercial,0.9994399
173,"('validation\\commercial\\Commercial-b0c9bc10-085c-43a7-b441-fc2c4b65fd1d.jpg', 2)",Commercial,Commercial,0.9934361
174,"('validation\\commercial\\Commercial-b3fd3623-0da7-46f2-98a1-31410bcbd9ec.jpg', 2)",Commercial,Commercial,0.9425743
175,"('validation\\commercial\\Commercial-b536b228-c267-4ab5-8ca5-0455836c0cc4.jpg', 2)",Commercial,Commercial,0.91996884
176,"('validation\\commercial\\Commercial-b94cd369-0001-4bc1-88fb-cea225157efd.jpg', 2)",Commercial,Commercial,0.99498343
177,"('validation\\commercial\\Commercial-bd52bf55-6ad0-4872-aa5b-8cf4d7c092b5.jpg', 2)",Commercial,Commercial,0.9923613
178,"('validation\\commercial\\Commercial-c05bcc7c-069d-496d-8c09-d6300d1e3baa.jpg', 2)",Commercial,Commercial,0.9995522
179,"('validation\\commercial\\Commercial-c08e5028-51c0-416f-b423-192224c676a2.jpg', 2)",Commercial,Commercial,0.9999635
180,"('validation\\commercial\\Commercial-d3c71304-2876-47ed-b0cd-07403836b4cf.jpg', 2)",Commercial,Commercial,0.99991786
181,"('validation\\commercial\\Commercial-e1defeb2-041b-4a12-88d4-182ea1e980e9.jpg', 2)",Commercial,Commercial,0.9999714
182,"('validation\\commercial\\Commercial-e5ac544d-0aae-4140-83d8-a19c28d27b6b.jpg', 2)",Commercial,Commercial,0.995443
183,"('validation\\commercial\\Commercial-e8241203-b08c-4c6d-93b4-68a3382319d0.jpg', 2)",Commercial,Commercial,0.99945384
184,"('validation\\commercial\\Commercial-ea200a63-6523-4347-9cce-0e43675590b2.jpg', 2)",Commercial,Commercial,0.9999728
185,"('validation\\commercial\\Commercial-f2072a2a-77e2-4e8b-95d2-45af4749f55d.jpg', 2)",Commercial,Commercial,0.99960154
186,"('validation\\enforcement\\Enforcement-0066e617-41be-4487-878c-c33cdcbad648.jpg', 3)",Enforcement,Enforcement,0.99706584
187,"('validation\\enforcement\\Enforcement-03f6d222-93b5-45c3-af76-b1a63582b962.jpg', 3)",Enforcement,Enforcement,0.9998425
188,"('validation\\enforcement\\Enforcement-069c9e7c-5ccb-4a9f-934f-bbdbcce81ce2.jpg', 3)",Enforcement,Enforcement,0.9997055
189,"('validation\\enforcement\\Enforcement-06f76093-69fd-4b95-82c7-32d813e456d0.jpg', 3)",Enforcement,Enforcement,0.9998196
190,"('validation\\enforcement\\Enforcement-0a3c3eb5-1add-43f6-9977-4268a8931417.jpg', 3)",Enforcement,Enforcement,0.9851429
191,"('validation\\enforcement\\Enforcement-1067a6d7-ea0d-4e9f-846c-a5f0e12f11aa.jpg', 3)",Enforcement,Enforcement,0.98670155
192,"('validation\\enforcement\\Enforcement-10ccfce8-b389-4c16-9cf8-137e92eecc7f.jpg', 3)",Enforcement,Enforcement,0.9998592
193,"('validation\\enforcement\\Enforcement-1cc444bb-ba28-487d-8b11-c64ddb8494d1.jpg', 3)",Enforcement,Enforcement,0.99983346
194,"('validation\\enforcement\\Enforcement-1fcb7540-ae85-4c7c-befc-e63353054329.jpg', 3)",Enforcement,Enforcement,0.9996499
195,"('validation\\enforcement\\Enforcement-23953450-91ab-4392-8c29-7da6a94ab6a1.jpg', 3)",Enforcement,Enforcement,0.9422623
196,"('validation\\enforcement\\Enforcement-2544035e-bb03-4ebf-8f60-0ebf332e4d5c.jpg', 3)",Enforcement,Enforcement,0.98696333
197,"('validation\\enforcement\\Enforcement-26537873-28a5-418f-bba7-22a0f2ef2a6c.jpg', 3)",Enforcement,Enforcement,0.99979013
198,"('validation\\enforcement\\Enforcement-2b4fa87b-9b1e-4522-842a-0fdab791311e.jpg', 3)",Enforcement,Enforcement,0.9995234
199,"('validation\\enforcement\\Enforcement-2bdad53b-b3b1-4750-95cb-0c9e9c3b20a8.jpg', 3)",Enforcement,Enforcement,0.99976665
200,"('validation\\enforcement\\Enforcement-30116e34-5c2c-4a4c-a824-e9037adb7db2.jpg', 3)",Enforcement,Enforcement,0.9995284
201,"('validation\\enforcement\\Enforcement-343d75e8-0fc7-4f37-a61c-d8c751346b7f.jpg', 3)",Enforcement,Enforcement,0.99994516
202,"('validation\\enforcement\\Enforcement-34f31841-31c2-444b-8d44-042c306b7158.jpg', 3)",Enforcement,Enforcement,0.9997445
203,"('validation\\enforcement\\Enforcement-38a30813-ff9d-4204-bf8b-9152dc99c8c5.jpg', 3)",Enforcement,Enforcement,0.9979482
204,"('validation\\enforcement\\Enforcement-39960af2-bf21-4331-8cb2-45253f663360.jpg', 3)",Enforcement,Enforcement,0.99957126
205,"('validation\\enforcement\\Enforcement-4240d55d-d890-4571-ae2b-d6af9f3efa77.jpg', 3)",Enforcement,Enforcement,0.9999622
206,"('validation\\enforcement\\Enforcement-44424943-de21-42df-98f2-38d766fd7b55.jpg', 3)",Enforcement,Enforcement,0.999764
207,"('validation\\enforcement\\Enforcement-446742de-5a88-4c1f-a0b6-2410ba4b6ce8.jpg', 3)",Enforcement,Enforcement,0.9998299
208,"('validation\\enforcement\\Enforcement-47a5d3de-707c-46d1-836a-6883423cb068.jpg', 3)",Enforcement,Enforcement,0.99981886
209,"('validation\\enforcement\\Enforcement-50c64ab6-371b-4d18-a233-3839db18a6f1.jpg', 3)",Enforcement,Enforcement,0.99982685
210,"('validation\\enforcement\\Enforcement-5226b438-941e-4185-9c91-1676a7ea17a6.jpg', 3)",Enforcement,Enforcement,0.9995227
211,"('validation\\enforcement\\Enforcement-5ba713f8-fcdf-4f6e-95b9-8faee15c81d7.jpg', 3)",Enforcement,Enforcement,0.99976355
212,"('validation\\enforcement\\Enforcement-5bddc7ce-859b-436e-9543-b8365d633b75.jpg', 3)",Enforcement,Enforcement,0.9999058
213,"('validation\\enforcement\\Enforcement-6186ccbf-9ab3-4c0a-92e6-df12188c2633.jpg', 3)",Enforcement,Enforcement,0.99987054
214,"('validation\\enforcement\\Enforcement-6496d2a7-9cc9-4b21-8d1b-9266fc046b89.jpg', 3)",Enforcement,Enforcement,0.99764436
215,"('validation\\enforcement\\Enforcement-692e56bf-70a0-4094-9b77-126da2b52ec1.jpg', 3)",Enforcement,Enforcement,0.9970891
216,"('validation\\enforcement\\Enforcement-69c85486-7ddd-4c9c-97f2-337884334e4f.jpg', 3)",Enforcement,Enforcement,0.9999473
217,"('validation\\enforcement\\Enforcement-6aaad3d1-85c0-4e97-b36e-f93b0b5619bb.jpg', 3)",Enforcement,Enforcement,0.99985945
218,"('validation\\enforcement\\Enforcement-716cea9e-934b-4025-b1c4-08934d13b690.jpg', 3)",Enforcement,Enforcement,0.9998216
219,"('validation\\enforcement\\Enforcement-7239ff72-645d-47d5-98e5-d71d1ca13bba.jpg', 3)",Enforcement,Enforcement,0.9998932
220,"('validation\\enforcement\\Enforcement-76782a13-5c7e-406a-a03b-0b1467c3c3cb.jpg', 3)",Enforcement,Enforcement,0.99722856
221,"('validation\\enforcement\\Enforcement-7bfbd912-035f-45f3-8c28-0df69b28b51c.jpg', 3)",Enforcement,Enforcement,0.99984217
222,"('validation\\enforcement\\Enforcement-7cd13d5c-3796-48d4-9186-24dfeb9cc6ec.jpg', 3)",Enforcement,Enforcement,0.96040034
223,"('validation\\enforcement\\Enforcement-80d9d9af-1e59-4f1d-afe2-ab5efae1e212.jpg', 3)",Enforcement,Enforcement,0.99415344
224,"('validation\\enforcement\\Enforcement-86f746cc-56f8-45c4-9464-8de679ed0a1d.jpg', 3)",Enforcement,Enforcement,0.99943906
225,"('validation\\enforcement\\Enforcement-8cecf749-2c99-422c-a649-4ffa47274d8d.jpg', 3)",Enforcement,Enforcement,0.97940505
226,"('validation\\enforcement\\Enforcement-8fbe4068-92d4-4900-b5f5-b26fc4e760a5.jpg', 3)",Enforcement,Enforcement,0.9997912
227,"('validation\\enforcement\\Enforcement-90d60e75-525b-48de-a4b4-819552224cdb.jpg', 3)",Enforcement,Enforcement,0.99985397
228,"('validation\\enforcement\\Enforcement-9e1568da-ac03-4a7e-9e3d-2707c664ff56.jpg', 3)",Enforcement,Enforcement,0.99983025
229,"('validation\\enforcement\\Enforcement-a0bbfbc5-cd05-49fc-841b-04d8a9e7578b.jpg', 3)",Enforcement,Enforcement,0.99777645
230,"('validation\\enforcement\\Enforcement-a363d482-35af-462b-9b1f-b5196d6f1f73.jpg', 3)",Enforcement,Enforcement,0.9997781
231,"('validation\\enforcement\\Enforcement-a4126136-79f7-4dbb-a763-b7663d0227cf.jpg', 3)",Enforcement,Enforcement,0.9997484
232,"('validation\\enforcement\\Enforcement-a4d3569c-e9db-4668-8f27-cfb99cd5c33e.jpg', 3)",Enforcement,Enforcement,0.9997981
233,"('validation\\enforcement\\Enforcement-a782e7aa-04ec-4702-9afa-d6d5509ee5a1.jpg', 3)",Enforcement,Enforcement,0.9995819
234,"('validation\\enforcement\\Enforcement-a9fadff6-7178-4ac2-a448-9a214190da50.jpg', 3)",Enforcement,Enforcement,0.99584347
235,"('validation\\enforcement\\Enforcement-ae1785c2-3834-4d23-9f58-cd05ddadf65f.jpg', 3)",Enforcement,Enforcement,0.9999726
236,"('validation\\enforcement\\Enforcement-b0fd3ee5-5a03-47c7-807d-d169182a2140.jpg', 3)",Enforcement,Enforcement,0.99339396
237,"('validation\\enforcement\\Enforcement-b4295963-7666-4751-9a93-2ae99d63986b.jpg', 3)",Enforcement,Enforcement,0.9946543
238,"('validation\\enforcement\\Enforcement-b597a38d-727a-4f5b-aacb-43175d5e2197.jpg', 3)",Enforcement,Enforcement,0.99970144
239,"('validation\\enforcement\\Enforcement-b783035a-2b89-4777-89c3-b131462d4497.jpg', 3)",Enforcement,Enforcement,0.99995565
240,"('validation\\enforcement\\Enforcement-bcece386-c2d6-439f-affd-93b1e59724f4.jpg', 3)",Enforcement,Enforcement,0.9980033
241,"('validation\\enforcement\\Enforcement-be6d3a5a-f9d9-49db-b070-d043e470a091.jpg', 3)",Enforcement,Enforcement,0.999713
242,"('validation\\enforcement\\Enforcement-c746310f-d9c8-4fad-aafe-0419d012486c.jpg', 3)",Enforcement,Enforcement,0.99074453
243,"('validation\\enforcement\\Enforcement-d0a513b7-0214-4886-8273-9ce5ce59063e.jpg', 3)",Enforcement,Enforcement,0.99966204
244,"('validation\\enforcement\\Enforcement-d1014df0-c00a-4b4b-a288-5c4f977438f3.jpg', 3)",Enforcement,Enforcement,0.9980573
245,"('validation\\enforcement\\Enforcement-d205f647-7efc-47ff-ab2c-4268214d10ea.jpg', 3)",Enforcement,Enforcement,0.99974936
246,"('validation\\enforcement\\Enforcement-d6381ae1-b40e-485c-81ed-1fe8e079f471.jpg', 3)",Enforcement,Enforcement,0.9985753
247,"('validation\\enforcement\\Enforcement-d7bded56-9fca-43f8-beec-93654bd2d85d.jpg', 3)",Enforcement,Enforcement,0.99069595
248,"('validation\\enforcement\\Enforcement-da1c6d86-ebdf-4749-a7f2-22c0b4f4eb6e.jpg', 3)",Enforcement,Enforcement,0.99317217
249,"('validation\\enforcement\\Enforcement-eacfec00-7866-44d2-95fa-4fa3b0d5bab4.jpg', 3)",Enforcement,Enforcement,0.99985933
250,"('validation\\enforcement\\Enforcement-ee14dc60-cf6a-498e-99b9-cd33cb1010c4.jpg', 3)",Enforcement,Enforcement,0.99997413
251,"('validation\\enforcement\\Enforcement-ef770f79-bad1-4285-b5bf-e98d69ec3c46.jpg', 3)",Enforcement,Enforcement,0.99979836
252,"('validation\\enforcement\\Enforcement-f7e72851-58f4-4786-931f-97b3bace27fc.jpg', 3)",Enforcement,Enforcement,0.9946345
253,"('validation\\enforcement\\Enforcement-fbece1a9-8753-47f9-8c47-64fba354235d.jpg', 3)",Enforcement,Enforcement,0.99969435
254,"('validation\\enforcement\\Enforcement-ffa9ae7e-0eb1-4db5-93f1-de30400450a0.jpg', 3)",Enforcement,Enforcement,0.9999713
255,"('validation\\halfcab\\HalfCab-04dd92f3-9f02-433a-b471-838b0d98c9a9.jpg', 4)",HalfCab,HalfCab,0.98943174
256,"('validation\\halfcab\\HalfCab-0516b053-093b-4e46-a9ba-c07904ddb2a9.jpg', 4)",HalfCab,HalfCab,0.989856
257,"('validation\\halfcab\\HalfCab-0597837d-21dc-423d-b83f-e98f6d9a9df8.jpg', 4)",HalfCab,HalfCab,0.9991935
258,"('validation\\halfcab\\HalfCab-0c1553de-c45d-4420-8997-d88f985df215.jpg', 4)",HalfCab,HalfCab,0.9879056
259,"('validation\\halfcab\\HalfCab-0c9d40a6-2110-40ba-807e-88719d4fc5b3.jpg', 4)",HalfCab,HalfCab,0.9854866
260,"('validation\\halfcab\\HalfCab-0ddf56ed-e135-41af-bd8e-35d2f8f2a872.jpg', 4)",HalfCab,HalfCab,0.99908996
261,"('validation\\halfcab\\HalfCab-0ed4a851-2cd6-4f72-a39a-028e53fb4b45.jpg', 4)",HalfCab,Open,0.62868017
262,"('validation\\halfcab\\HalfCab-10440574-7537-4c32-9630-dafef8bd3390.jpg', 4)",HalfCab,HalfCab,0.9735867
263,"('validation\\halfcab\\HalfCab-1067eb85-d16a-48af-8030-1185fe4b4afd.jpg', 4)",HalfCab,HalfCab,0.99317306
264,"('validation\\halfcab\\HalfCab-10afddda-ec5d-4d69-bcfd-d3974ff5fc23.jpg', 4)",HalfCab,HalfCab,0.96828264
265,"('validation\\halfcab\\HalfCab-1510a563-b188-408f-b919-48a4afdc0bb7.jpg', 4)",HalfCab,HalfCab,0.9987243
266,"('validation\\halfcab\\HalfCab-152a21bf-7681-4a26-a0c1-e2d05343d24c.jpg', 4)",HalfCab,HalfCab,0.9916966
267,"('validation\\halfcab\\HalfCab-1a594a18-ee2b-412e-914a-b4b00dcc1c03.jpg', 4)",HalfCab,Open,0.9297327
268,"('validation\\halfcab\\HalfCab-1b7abe33-fa81-4bac-a459-9e0e174e302f.jpg', 4)",HalfCab,HalfCab,0.9914266
269,"('validation\\halfcab\\HalfCab-1ff207d8-6868-4f23-a596-30ea67b1e18c.jpg', 4)",HalfCab,HalfCab,0.9873914
270,"('validation\\halfcab\\HalfCab-218ea443-40e5-4d22-b0f6-0417c7cc3f03.jpg', 4)",HalfCab,HalfCab,0.9829522
271,"('validation\\halfcab\\HalfCab-22bc69a1-2358-40be-b199-63d8207d96ae.jpg', 4)",HalfCab,HalfCab,0.9852813
272,"('validation\\halfcab\\HalfCab-270f9482-a5e8-4538-90d9-3f957f9d22ca.jpg', 4)",HalfCab,HalfCab,0.9988079
273,"('validation\\halfcab\\HalfCab-27179ca6-a315-47fb-b0ed-053b5951276b.jpg', 4)",HalfCab,HalfCab,0.9997346
274,"('validation\\halfcab\\HalfCab-2abdd4f0-badf-450a-8e78-eb7a6468cfbe.jpg', 4)",HalfCab,HalfCab,0.520792
275,"('validation\\halfcab\\HalfCab-305360ab-ae66-45e5-b448-5b6edc3d0ea2.jpg', 4)",HalfCab,HalfCab,0.9998511
276,"('validation\\halfcab\\HalfCab-34596345-089a-4f5e-a54b-b4cb6f51997a.jpg', 4)",HalfCab,HalfCab,0.98604625
277,"('validation\\halfcab\\HalfCab-372bac92-3adb-4dfc-9ef4-251e0053a980.jpg', 4)",HalfCab,HalfCab,0.6832677
278,"('validation\\halfcab\\HalfCab-397abf40-6527-4e20-a291-958b79c51b25.jpg', 4)",HalfCab,HalfCab,0.98796844
279,"('validation\\halfcab\\HalfCab-39c45560-2c05-4508-8e78-4bf6ca0ea352.jpg', 4)",HalfCab,HalfCab,0.9939902
280,"('validation\\halfcab\\HalfCab-40bb1f6b-4659-49a7-bff8-1a4a3be537df.jpg', 4)",HalfCab,HalfCab,0.9854232
281,"('validation\\halfcab\\HalfCab-417c8a5b-d2ce-4754-b89e-14161f61c312.jpg', 4)",HalfCab,HalfCab,0.98788005
282,"('validation\\halfcab\\HalfCab-42f8c3f7-0297-4e95-9470-25073baad3a1.jpg', 4)",HalfCab,HalfCab,0.98538613
283,"('validation\\halfcab\\HalfCab-47a266e8-09df-4252-83d3-f98ffa484023.jpg', 4)",HalfCab,HalfCab,0.9913385
284,"('validation\\halfcab\\HalfCab-4dd62471-236f-4a47-9c55-92806057e926.jpg', 4)",HalfCab,HalfCab,0.9998141
285,"('validation\\halfcab\\HalfCab-4e461f3c-39fa-49dd-83e3-aefb423e4e34.jpg', 4)",HalfCab,HalfCab,0.9859752
286,"('validation\\halfcab\\HalfCab-4e93fd1a-db0e-46d7-9881-bf2a2c26e601.jpg', 4)",HalfCab,HalfCab,0.9859951
287,"('validation\\halfcab\\HalfCab-4ea70489-c476-4a29-9d12-493b73d31ac4.jpg', 4)",HalfCab,HalfCab,0.9967464
288,"('validation\\halfcab\\HalfCab-510f7e59-9d8a-47c4-ab6d-122d2a8bd10e.jpg', 4)",HalfCab,HalfCab,0.9959413
289,"('validation\\halfcab\\HalfCab-543effa7-30d5-4848-9c1c-b18b322e86df.jpg', 4)",HalfCab,HalfCab,0.98854417
290,"('validation\\halfcab\\HalfCab-6849e7ee-f5fb-4995-8f74-2a1a8710cc8b.jpg', 4)",HalfCab,HalfCab,0.89863974
291,"('validation\\halfcab\\HalfCab-6c221456-2b32-49f1-890a-6b45d9dca925.jpg', 4)",HalfCab,HalfCab,0.9922754
292,"('validation\\halfcab\\HalfCab-707d21b1-ddb3-419d-8a08-91d811204fc4.jpg', 4)",HalfCab,HalfCab,0.98623335
293,"('validation\\halfcab\\HalfCab-7947a375-1fbf-4998-b22d-9c57ae7a345f.jpg', 4)",HalfCab,HalfCab,0.99078256
294,"('validation\\halfcab\\HalfCab-7be00b70-6c6e-496a-b6e1-19043cf9b7fb.jpg', 4)",HalfCab,HalfCab,0.98604476
295,"('validation\\halfcab\\HalfCab-8336c098-64af-487d-9221-0c4b9b51d66e.jpg', 4)",HalfCab,HalfCab,0.9857347
296,"('validation\\halfcab\\HalfCab-86f5a6e5-e05b-4d23-a481-54f169bc7a78.jpg', 4)",HalfCab,HalfCab,0.9813689
297,"('validation\\halfcab\\HalfCab-8a86eb02-2d6d-4211-b781-dfefa11f2a2e.jpg', 4)",HalfCab,HalfCab,0.98963517
298,"('validation\\halfcab\\HalfCab-8fa3103c-3ea6-4cad-a400-82cf544cac06.jpg', 4)",HalfCab,HalfCab,0.9991868
299,"('validation\\halfcab\\HalfCab-90740604-e5d2-4509-af99-740eaae6a8fd.jpg', 4)",HalfCab,HalfCab,0.99908006
300,"('validation\\halfcab\\HalfCab-9147e040-bfa6-425c-ad7f-e27e0238faf6.jpg', 4)",HalfCab,HalfCab,0.9870991
301,"('validation\\halfcab\\HalfCab-940abccc-e030-4d63-92d8-bc48f1b242ca.jpg', 4)",HalfCab,HalfCab,0.9840135
302,"('validation\\halfcab\\HalfCab-9cd22a1f-2314-4647-94a6-71142c0adb7e.jpg', 4)",HalfCab,HalfCab,0.9872547
303,"('validation\\halfcab\\HalfCab-ac0e4e28-73ce-45bb-b522-c82fac8d928f.jpg', 4)",HalfCab,HalfCab,0.98943233
304,"('validation\\halfcab\\HalfCab-adc6fd76-3577-4b6b-b8a2-903a7276108e.jpg', 4)",HalfCab,HalfCab,0.9924419
305,"('validation\\halfcab\\HalfCab-b310f792-1a6a-4b29-af20-5430ee214178.jpg', 4)",HalfCab,HalfCab,0.7528109
306,"('validation\\halfcab\\HalfCab-b35cf2f3-99a1-4694-9a17-7d2de5084e8a.jpg', 4)",HalfCab,HalfCab,0.99911183
307,"('validation\\halfcab\\HalfCab-b4d968e3-2396-4bd3-8ee5-100204d03917.jpg', 4)",HalfCab,HalfCab,0.9942737
308,"('validation\\halfcab\\HalfCab-ba1e8bdf-ffb9-4262-bb74-b8ff6957e1cc.jpg', 4)",HalfCab,HalfCab,0.9886918
309,"('validation\\halfcab\\HalfCab-bb3e0f07-1fb4-41c5-ba0a-0dc2e26e9982.jpg', 4)",HalfCab,HalfCab,0.8394921
310,"('validation\\halfcab\\HalfCab-cb35a75f-1398-4b15-8bde-20b37bdc4876.jpg', 4)",HalfCab,HalfCab,0.99925834
311,"('validation\\halfcab\\HalfCab-cb3971a0-74bd-401a-9372-6aca835751d9.jpg', 4)",HalfCab,HalfCab,0.99212986
312,"('validation\\halfcab\\HalfCab-cc251c4c-5f96-4c35-9704-59508774ea43.jpg', 4)",HalfCab,HalfCab,0.98354393
313,"('validation\\halfcab\\HalfCab-cdfebff5-ba13-47d4-935a-730d9f499d4a.jpg', 4)",HalfCab,HalfCab,0.9719954
314,"('validation\\halfcab\\HalfCab-ced2b6c0-0239-40e1-8a12-558c6988314f.jpg', 4)",HalfCab,HalfCab,0.99916756
315,"('validation\\halfcab\\HalfCab-d06b666f-6af5-4d18-9124-35fa5de7c2ee.jpg', 4)",HalfCab,HalfCab,0.9912422
316,"('validation\\halfcab\\HalfCab-d236d51a-04a4-449d-9a92-53c2d4645c0f.jpg', 4)",HalfCab,HalfCab,0.99227726
317,"('validation\\halfcab\\HalfCab-df7cc177-3345-41f8-b2bf-7549bf62722b.jpg', 4)",HalfCab,HalfCab,0.98899287
318,"('validation\\halfcab\\HalfCab-ec7ff03f-9bf4-4048-81e1-bd17a1cd872b.jpg', 4)",HalfCab,HalfCab,0.98781747
319,"('validation\\halfcab\\HalfCab-ed0ffebe-c978-4274-b210-9cb74350fd39.jpg', 4)",HalfCab,Open,0.50538427
320,"('validation\\halfcab\\HalfCab-ed721c70-cb93-431b-93a1-2a2579e6b6fd.jpg', 4)",HalfCab,HalfCab,0.9879167
321,"('validation\\halfcab\\HalfCab-f850fa66-bf10-44f0-ac3f-84828a47182c.jpg', 4)",HalfCab,HalfCab,0.9981153
322,"('validation\\halfcab\\HalfCab-ff9633bc-01a3-43d2-b0a8-9d55af5ffc9b.jpg', 4)",HalfCab,HalfCab,0.99738723
323,"('validation\\halfcab\\HalfCab-ffaba06d-8fb8-4f6f-9948-3ad6627b1a94.jpg', 4)",HalfCab,HalfCab,0.9962036
324,"('validation\\humanpowered\\HumanPowered-0011b5a6-2e89-4bad-8d9e-3bf63293cc35.jpg', 5)",HumanPowered,HumanPowered,0.99983406
325,"('validation\\humanpowered\\HumanPowered-082f8244-b927-4615-b1b6-673cbc88e9f1.jpg', 5)",HumanPowered,HumanPowered,0.9937219
326,"('validation\\humanpowered\\HumanPowered-0abf69e3-7ccb-486e-b692-b907fdc18335.jpg', 5)",HumanPowered,HumanPowered,0.99085253
327,"('validation\\humanpowered\\HumanPowered-0ba85983-3573-4158-ae12-d278721b349e.jpg', 5)",HumanPowered,HumanPowered,0.9998375
328,"('validation\\humanpowered\\HumanPowered-10272866-607e-49b4-a64c-1dafa6481ed7.jpg', 5)",HumanPowered,HumanPowered,0.97500026
329,"('validation\\humanpowered\\HumanPowered-109c890d-a1ae-4d49-831d-8aadd092b221.jpg', 5)",HumanPowered,HumanPowered,0.99401605
330,"('validation\\humanpowered\\HumanPowered-1d1206ad-9e76-4842-813d-74cca520d6fe.jpg', 5)",HumanPowered,HumanPowered,0.99953675
331,"('validation\\humanpowered\\HumanPowered-215b049f-d92f-433d-8ce5-437c4714a7b8.jpg', 5)",HumanPowered,HumanPowered,0.86154354
332,"('validation\\humanpowered\\HumanPowered-21b59d70-7e0c-4a33-bbbc-d30c4f81ec2c.jpg', 5)",HumanPowered,HumanPowered,0.99967647
333,"('validation\\humanpowered\\HumanPowered-256e5c97-fd59-46de-a09e-cc4fcc084674.jpg', 5)",HumanPowered,HumanPowered,0.9987658
334,"('validation\\humanpowered\\HumanPowered-25d4257b-3414-4bb9-a628-c42f4ad1405f.jpg', 5)",HumanPowered,HumanPowered,0.9996841
335,"('validation\\humanpowered\\HumanPowered-2f32799a-1755-4db8-b65a-a9cb82c387a1.jpg', 5)",HumanPowered,HumanPowered,0.99196565
336,"('validation\\humanpowered\\HumanPowered-31ddd22b-f501-4773-b3c5-5922fb4489d8.jpg', 5)",HumanPowered,HumanPowered,0.9936186
337,"('validation\\humanpowered\\HumanPowered-36f4c546-d464-4f30-b26b-cfe6115981a2.jpg', 5)",HumanPowered,HumanPowered,0.9644331
338,"('validation\\humanpowered\\HumanPowered-3be5e296-02e9-4ed6-9906-07e1dc871ecc.jpg', 5)",HumanPowered,HumanPowered,0.9996264
339,"('validation\\humanpowered\\HumanPowered-3e3a80ee-28ed-4fb7-bf1a-19d52a4ba6f6.jpg', 5)",HumanPowered,HumanPowered,0.99056363
340,"('validation\\humanpowered\\HumanPowered-42e306a3-31d6-443b-ae6f-d74cb4c426fa.jpg', 5)",HumanPowered,HumanPowered,0.9947194
341,"('validation\\humanpowered\\HumanPowered-48b7a5d9-e61d-49f6-bab9-7086df5ea8ac.jpg', 5)",HumanPowered,HumanPowered,0.99126387
342,"('validation\\humanpowered\\HumanPowered-4d14d54d-8eb6-4f62-ab59-73518c2689d3.jpg', 5)",HumanPowered,HumanPowered,0.9725998
343,"('validation\\humanpowered\\HumanPowered-5871ff3b-423e-4854-b715-b502637d8f8b.jpg', 5)",HumanPowered,HumanPowered,0.98532456
344,"('validation\\humanpowered\\HumanPowered-58e10388-56ef-430f-ab83-3b345ae73fe9.jpg', 5)",HumanPowered,HumanPowered,0.98631734
345,"('validation\\humanpowered\\HumanPowered-5b8a1f20-17dc-43ea-951a-953ae5a69d78.jpg', 5)",HumanPowered,HumanPowered,0.92216533
346,"('validation\\humanpowered\\HumanPowered-60d485b8-4ab8-4c54-9430-09ddaff98299.jpg', 5)",HumanPowered,HumanPowered,0.9997081
347,"('validation\\humanpowered\\HumanPowered-637cccef-0a75-4ac9-b404-a824670c8a3a.jpg', 5)",HumanPowered,HumanPowered,0.99133027
348,"('validation\\humanpowered\\HumanPowered-64003d99-5285-447a-a273-ecf62055814c.jpg', 5)",HumanPowered,HumanPowered,0.9941282
349,"('validation\\humanpowered\\HumanPowered-774c6b01-1776-4fdf-94e8-c859d4d2bba4.jpg', 5)",HumanPowered,HumanPowered,0.8811761
350,"('validation\\humanpowered\\HumanPowered-7c377033-dcbf-45f0-9a1e-b669404a81ee.jpg', 5)",HumanPowered,HumanPowered,0.99981683
351,"('validation\\humanpowered\\HumanPowered-872e6dcc-5ae7-454d-8649-a41183a46f4c.jpg', 5)",HumanPowered,HumanPowered,0.9060433
352,"('validation\\humanpowered\\HumanPowered-8912a9ea-9ca1-48db-bb5b-f0835e963730.jpg', 5)",HumanPowered,HumanPowered,0.9691776
353,"('validation\\humanpowered\\HumanPowered-8fc3f57e-b1be-4c27-ae66-08478bdaa226.jpg', 5)",HumanPowered,HumanPowered,0.9719508
354,"('validation\\humanpowered\\HumanPowered-93e52c41-3561-42ff-a78c-e9bba5bebbec.jpg', 5)",HumanPowered,HumanPowered,0.9998567
355,"('validation\\humanpowered\\HumanPowered-a123901e-c8eb-4396-9f51-4ba50edf7e25.jpg', 5)",HumanPowered,HumanPowered,0.98371774
356,"('validation\\humanpowered\\HumanPowered-a4ef1e16-f66a-44da-be55-e4b9c7a9108f.jpg', 5)",HumanPowered,HumanPowered,0.9662931
357,"('validation\\humanpowered\\HumanPowered-adef0e58-9f1f-4c73-a3f6-86292506bc21.jpg', 5)",HumanPowered,HumanPowered,0.9996032
358,"('validation\\humanpowered\\HumanPowered-aefdf3d0-463d-4954-9b69-6e8633770785.jpg', 5)",HumanPowered,HumanPowered,0.9831602
359,"('validation\\humanpowered\\HumanPowered-af113ef2-5e54-405b-86a2-5ce3d7c3186b.jpg', 5)",HumanPowered,HumanPowered,0.99353856
360,"('validation\\humanpowered\\HumanPowered-b2de08b0-c22f-4841-806e-24bd3340c20a.jpg', 5)",HumanPowered,HumanPowered,0.9658797
361,"('validation\\humanpowered\\HumanPowered-b46818fc-ebaf-4c4a-b444-e79a6197b9d8.jpg', 5)",HumanPowered,HumanPowered,0.99344724
362,"('validation\\humanpowered\\HumanPowered-b5ebe777-bfda-494c-859b-45c615a636a3.jpg', 5)",HumanPowered,HumanPowered,0.99164855
363,"('validation\\humanpowered\\HumanPowered-bf63aa91-9274-4124-a3b2-e618041099af.jpg', 5)",HumanPowered,HumanPowered,0.85685325
364,"('validation\\humanpowered\\HumanPowered-c46b3495-60ae-4cef-b09f-44c57f34bf22.jpg', 5)",HumanPowered,HumanPowered,0.93492544
365,"('validation\\humanpowered\\HumanPowered-c5d391e6-b7ef-4066-98b4-b1835d09dbb3.jpg', 5)",HumanPowered,HumanPowered,0.99962115
366,"('validation\\humanpowered\\HumanPowered-d7b4cd79-4ab1-4186-aabd-e3b42ff3022f.jpg', 5)",HumanPowered,HumanPowered,0.9387433
367,"('validation\\humanpowered\\HumanPowered-dba479cd-922f-4aa4-9d1e-d041050cc85e.jpg', 5)",HumanPowered,HumanPowered,0.9939294
368,"('validation\\humanpowered\\HumanPowered-dfe7c446-2624-4394-b50c-c36df57e6b67.jpg', 5)",HumanPowered,HumanPowered,0.9353628
369,"('validation\\humanpowered\\HumanPowered-e781ceee-7453-4b48-946a-00f29e0b5629.jpg', 5)",HumanPowered,HumanPowered,0.83843833
370,"('validation\\humanpowered\\HumanPowered-e912cf28-f836-4e78-be01-86d368bc7a3e.jpg', 5)",HumanPowered,HumanPowered,0.90534157
371,"('validation\\humanpowered\\HumanPowered-f0ccb953-052b-40b9-9b5b-27a009963895.jpg', 5)",HumanPowered,HumanPowered,0.9653405
372,"('validation\\humanpowered\\HumanPowered-f30baff5-0f46-4f83-a03d-6538f72aca3d.jpg', 5)",HumanPowered,HumanPowered,0.9706076
373,"('validation\\humanpowered\\HumanPowered-f5bc37cf-0c41-4d96-b7a4-da1369fad5a7.jpg', 5)",HumanPowered,HumanPowered,0.9603148
374,"('validation\\humanpowered\\HumanPowered-f67f9c8a-455a-492d-8ec3-33e4510cbfdc.jpg', 5)",HumanPowered,HumanPowered,0.9997298
375,"('validation\\humanpowered\\HumanPowered-f8f40467-e5fc-4d66-926c-fbb9e7416ee3.jpg', 5)",HumanPowered,HumanPowered,0.99958926
376,"('validation\\humanpowered\\HumanPowered-fb0107cf-9efe-454a-853a-1f3fb891a094.jpg', 5)",HumanPowered,HumanPowered,0.98776025
377,"('validation\\humanpowered\\HumanPowered-fd2b7832-b0a8-4a0e-b185-2b3034e960f5.jpg', 5)",HumanPowered,HumanPowered,0.90762335
378,"('validation\\humanpowered\\HumanPowered-fedce448-7eb2-4b1a-ad5d-2ee8257a7d01.jpg', 5)",HumanPowered,HumanPowered,0.98268026
379,"('validation\\open\\Open-0132b15f-1026-4d2f-b684-8cab770d7899.jpg', 6)",Open,Open,0.9904827
380,"('validation\\open\\Open-015cd68b-a2bc-4561-a140-a47ef71e5941.jpg', 6)",Open,Open,0.7796858
381,"('validation\\open\\Open-0b736d10-ce83-44ca-b8ae-71aa852f015e.jpg', 6)",Open,Open,0.9442458
382,"('validation\\open\\Open-141752f7-6ca4-4ad4-8b41-ef8dda574916.jpg', 6)",Open,Open,0.980355
383,"('validation\\open\\Open-17619753-4ba1-4bbe-b33a-523b56a6e3c8.jpg', 6)",Open,Open,0.9511916
384,"('validation\\open\\Open-21230bf1-c789-4e0a-ad74-67981ed1fa2a.jpg', 6)",Open,Open,0.9866327
385,"('validation\\open\\Open-218c1682-b63f-433a-a0c5-6592f2a70bc3.jpg', 6)",Open,Open,0.9936413
386,"('validation\\open\\Open-28b9ef9e-4557-4759-976b-91c911df329c.jpg', 6)",Open,Open,0.95595956
387,"('validation\\open\\Open-2918e104-29a7-464d-8f4a-8f16a7f259a5.jpg', 6)",Open,Open,0.96955836
388,"('validation\\open\\Open-2d04cd28-35f9-4958-8c6e-390ae0698144.jpg', 6)",Open,Open,0.975004
389,"('validation\\open\\Open-2f08af79-8eac-4f5b-b6b1-43da4a698bc8.jpg', 6)",Open,Open,0.41159302
390,"('validation\\open\\Open-2f94c7d5-aab2-44a4-848c-68038f2f69d1.jpg', 6)",Open,Open,0.984512
391,"('validation\\open\\Open-3026d1ab-295b-4b02-9af7-2dded5794938.jpg', 6)",Open,Open,0.7730081
392,"('validation\\open\\Open-35a81068-e92b-44b6-8fc4-115cfe53e867.jpg', 6)",Open,Open,0.8835776
393,"('validation\\open\\Open-3af2619b-1090-49b6-ab31-bab86050ec40.jpg', 6)",Open,Open,0.98460776
394,"('validation\\open\\Open-415699f2-09e9-4b1d-9989-3abc54f24d24.jpg', 6)",Open,Open,0.9754017
395,"('validation\\open\\Open-4834b65c-32ec-4a0c-8666-e9f7af36b977.jpg', 6)",Open,Open,0.97271043
396,"('validation\\open\\Open-4a9fbd6b-0b6a-43e7-859f-5421e99c45b7.jpg', 6)",Open,Open,0.9937348
397,"('validation\\open\\Open-54c0dbbf-00fe-465e-b5d8-ecca7f7fc772.jpg', 6)",Open,Open,0.949913
398,"('validation\\open\\Open-58b586f8-7fc2-4b5c-b011-9010d0d2977d.jpg', 6)",Open,Open,0.86398745
399,"('validation\\open\\Open-5a17d68b-3466-4d76-8cd0-bad6e8369339.jpg', 6)",Open,Open,0.97869736
400,"('validation\\open\\Open-5cea27a4-6344-4fa0-aabc-557e097262a6.jpg', 6)",Open,Open,0.9803423
401,"('validation\\open\\Open-60e88e8f-93fa-43a0-b7f3-e39b00f7545b.jpg', 6)",Open,Open,0.98265094
402,"('validation\\open\\Open-65c014ec-9338-4d0c-8e25-1f60f91666d3.jpg', 6)",Open,Open,0.97669435
403,"('validation\\open\\Open-6d545b08-1c6f-4662-bb2d-695bb9fde164.jpg', 6)",Open,Open,0.9778276
404,"('validation\\open\\Open-7b9f2cf8-ad22-42f0-9484-74ed8c1c3751.jpg', 6)",Open,Open,0.9317331
405,"('validation\\open\\Open-7c60ef14-717f-4c82-be68-1cc5de5415a5.jpg', 6)",Open,Open,0.98557603
406,"('validation\\open\\Open-7ffc6772-5d20-41c1-a932-6c6f22ca2ab9.jpg', 6)",Open,Open,0.97532666
407,"('validation\\open\\Open-81b03590-0778-4e4a-ac32-864891644022.jpg', 6)",Open,Open,0.97380346
408,"('validation\\open\\Open-81e4bdcf-1283-4395-9780-d22a7a28ec5b.jpg', 6)",Open,Open,0.98829645
409,"('validation\\open\\Open-81f2a393-1bf7-487f-a7e3-5db443c9355f.jpg', 6)",Open,Open,0.9676817
410,"('validation\\open\\Open-849072f3-0db9-4b07-89e4-2fae57aca99d.jpg', 6)",Open,Commercial,0.39082375
411,"('validation\\open\\Open-85de5f76-20f2-4aaf-969d-95961066d56c.jpg', 6)",Open,Open,0.9713757
412,"('validation\\open\\Open-876d2cee-de07-48f7-a81a-58722834d135.jpg', 6)",Open,Open,0.9837298
413,"('validation\\open\\Open-8caa4722-72d4-42ba-97f6-067224e10cfb.jpg', 6)",Open,Open,0.9151488
414,"('validation\\open\\Open-9254beea-e483-4ac8-a7ea-137c7e1014a7.jpg', 6)",Open,Open,0.95830303
415,"('validation\\open\\Open-942575e0-bc87-44f2-a49b-54240e7cfbb2.jpg', 6)",Open,Open,0.9682478
416,"('validation\\open\\Open-96d35353-b56e-417b-818a-b1f1312d6f62.jpg', 6)",Open,Open,0.9589714
417,"('validation\\open\\Open-97030763-8fd5-401e-89cd-44a6d3ad25b4.jpg', 6)",Open,Open,0.74341965
418,"('validation\\open\\Open-9807a1eb-9fab-4f51-afaa-a95679469a03.jpg', 6)",Open,Open,0.9806136
419,"('validation\\open\\Open-9be51467-847c-4e2f-8797-6fd9b8d0e9e3.jpg', 6)",Open,Open,0.9606385
420,"('validation\\open\\Open-a6442331-38bd-4eca-9aa4-e69d8b6d92e8.jpg', 6)",Open,Open,0.8488614
421,"('validation\\open\\Open-af9e3ef1-8ef7-4b20-9129-50b442a90220.jpg', 6)",Open,Open,0.9359103
422,"('validation\\open\\Open-b87af1e7-8bab-4e77-9e18-a1de9255ab57.jpg', 6)",Open,Open,0.9026204
423,"('validation\\open\\Open-bf0328e5-c278-40f0-ad09-1bb3af3902e5.jpg', 6)",Open,Open,0.9498482
424,"('validation\\open\\Open-bf805a36-2623-4e1e-91c5-99bf9a1becc2.jpg', 6)",Open,Open,0.97366524
425,"('validation\\open\\Open-d1b40dec-922f-45f1-bc65-f2b1e77ea389.jpg', 6)",Open,Open,0.557089
426,"('validation\\open\\Open-d3a80f92-dda7-4b3e-b1e7-27f245a289c7.jpg', 6)",Open,Open,0.4791023
427,"('validation\\open\\Open-d7b4d751-3438-4d26-938d-cf03bbbc3ff4.jpg', 6)",Open,Open,0.9811794
428,"('validation\\open\\Open-df98fdd8-1c63-4a9f-9ce3-e6a64f10ca33.jpg', 6)",Open,Open,0.95239156
429,"('validation\\open\\Open-e376d0f8-ba4d-4bb1-a960-febba77401b0.jpg', 6)",Open,Open,0.9384531
430,"('validation\\open\\Open-ebeb757e-08de-4d92-b7cc-0d2a614df3cf.jpg', 6)",Open,Open,0.9758706
431,"('validation\\open\\Open-edd802c4-beb1-432e-8ba4-24f163d45f28.jpg', 6)",Open,Open,0.96487004
432,"('validation\\open\\Open-f1735a6f-0833-48d4-807c-86f2e816a18a.jpg', 6)",Open,Open,0.7393613
433,"('validation\\open\\Open-fdbd95ee-7083-4551-9f27-465b85438ecf.jpg', 6)",Open,Open,0.93724436
