image_name,pred_class_number,pred_class_name,real_class_name,bbox1,bbox2,bbox3,bbox4,confidence_score
CabinCruiserOver5Kn-43bcd1e7-ab32-4723-bc95-d4b85c3f79a1.jpg,4.0,open,open,0.1,0.8,0.3,0.5,0.9
CabinCruiserOver5Kn-7abeee81-5ec7-43cf-ac74-b8e96de0a0ab.jpg,4.0,open,open,0.5,0.3,0.3,0.2,0.9
CabinCruiserOver5Kn-881e4b3a-6a54-4db0-b6df-0a8d1acdbc7e.jpg,4.0,open,open,0.5,0.3,0.6,0.4,0.9
CabinCruiserOver5Kn-8b589e36-2a1a-45ac-880e-d4ba0c16b09e.jpg,4.0,open,open,0.7,0.3,0.5,0.2,0.9
CabinCruiserOver5Kn-9628196e-cd7c-49b2-aa93-e4167fe6b20d.jpg,4.0,open,open,0.8,0.2,0.4,0.3,0.9
CabinCruiserOver5Kn-c52193dc-dab2-4dc2-a613-870a44a9268f.jpg,4.0,open,open,0.9,0.2,0.2,0.3,0.9
CabinCruiserUnder5Kn - 20230414_111429M.jpg,4.0,open,open,0.3,0.4,0.1,0.1,0.9
CabinCruiserUnder5Kn - 20230414_111450M.jpg,4.0,open,open,0.5,0.5,0.1,0.1,0.9
CabinCruiserUnder5Kn - 20230414_111459M.jpg,4.0,open,open,0.3,0.4,0.1,0.1,0.8
CabinCruiserUnder5Kn - 20230414_111821M.jpg,4.0,open,open,0.4,0.4,0.1,0.1,0.9
CabinCruiserUnder5Kn - 20230414_111828M.jpg,4.0,open,open,0.1,0.5,0.1,0.1,0.9
CabinCruiserUnder5Kn - 20230414_111842M.jpg,4.0,open,open,0.5,0.4,0.1,0.1,0.6
CabinCruiserUnder5Kn - 20230414_111936M.jpg,4.0,open,open,0.3,0.5,0.1,0.1,0.9
CabinCruiserUnder5Kn - 20230414_111942M.jpg,4.0,open,open,0.6,0.5,0.2,0.1,0.9
CabinCruiserUnder5Kn - 20230414_111957M.jpg,4.0,open,open,0.3,0.5,0.2,0.1,0.9
CabinCruiserUnder5Kn - 20230414_112643M.jpg,4.0,open,open,0.5,0.4,0.2,0.1,0.8
CabinCruiserUnder5Kn - 20230414_112702M.jpg,4.0,open,open,0.7,0.5,0.3,0.2,0.9
CabinCruiserUnder5Kn - 20230414_112708M.jpg,4.0,open,open,0.4,0.4,0.3,0.1,0.9
CabinCruiserUnder5Kn - 20230414_113146M.jpg,4.0,open,open,0.4,0.4,0.2,0.1,0.9
CabinCruiserUnder5Kn - 20230414_113154M.jpg,4.0,open,open,0.1,0.5,0.1,0.1,0.9
CabinCruiserUnder5Kn - 20230414_113204M.jpg,4.0,open,open,0.6,0.5,0.2,0.1,0.9
CabinCruiserUnder5Kn - 20230414_113212M.jpg,4.0,open,open,0.3,0.4,0.1,0.1,0.9
CabinCruiserUnder5Kn - 20230414_113220M.jpg,4.0,open,open,0.0,0.4,0.1,0.1,0.7
CabinCruiserUnder5Kn - 20230414_114201M.jpg,4.0,open,open,0.3,0.4,0.1,0.1,0.9
CabinCruiserUnder5Kn - 20230414_114208M.jpg,4.0,open,open,0.6,0.5,0.2,0.1,0.9
CabinCruiserUnder5Kn - 20230414_114223M.jpg,4.0,open,open,0.3,0.5,0.2,0.1,0.9
CabinCruiserUnder5Kn - 20230414_121935M.jpg,4.0,open,open,0.6,0.5,0.2,0.1,0.9
CabinCruiserUnder5Kn - 20230414_121941M.jpg,4.0,open,open,0.9,0.5,0.2,0.1,0.9
CabinCruiserUnder5Kn - 20230414_121952M.jpg,4.0,open,open,0.3,0.5,0.1,0.1,0.9
CabinCruiserUnder5Kn - 20230414_151238M-GF959.jpg,4.0,open,open,0.5,0.4,0.2,0.1,0.8
CabinCruiserUnder5Kn - 20230414_151242M.jpg,4.0,open,open,0.4,0.4,0.1,0.1,0.9
CabinCruiserUnder5Kn - 20230414_151248M.jpg,4.0,open,open,0.2,0.5,0.2,0.1,0.9
CabinCruiserUnder5Kn-017ce1ea-f0fd-4a63-928c-24c33bc154d3.jpg,4.0,open,open,0.3,0.5,0.1,0.1,0.9
CabinCruiserUnder5Kn-039eeb08-ded6-4256-a2c9-65b7dd708b33.jpg,4.0,open,open,0.2,0.5,0.3,0.5,0.7
CabinCruiserUnder5Kn-03fb582e-07da-4168-859b-07a1d6e7c8b4.jpg,4.0,open,open,0.7,0.3,0.5,0.2,0.9
CabinCruiserUnder5Kn-089718e1-dbee-4654-8d3f-6142eca641b2.jpg,4.0,open,open,0.4,0.4,0.2,0.1,0.8
CabinCruiserUnder5Kn-098a1822-351c-44cc-88cb-e0f42fd5746b.jpg,0.0,open,open,0.7,0.3,0.7,0.3,0.9
CabinCruiserUnder5Kn-09ff35ff-f96c-4f8d-bdc5-476341530a4d.jpg,0.0,open,open,0.3,0.4,0.6,0.4,0.9
CabinCruiserUnder5Kn-0b116e3e-1190-4734-86d1-03054f5a1f39.jpg,4.0,open,open,0.4,0.4,0.1,0.1,0.9
CabinCruiserUnder5Kn-0b3332b0-3c2e-4649-b5be-586066839aa3.jpg,4.0,open,open,0.2,0.3,0.4,0.2,0.9
CabinCruiserUnder5Kn-0d1d5b9f-579f-4f6e-b838-fcd3af00024c.jpg,4.0,open,open,0.9,0.2,0.3,0.4,0.9
CabinCruiserUnder5Kn-1146542b-ec84-42c5-b05a-5150fc68d839.jpg,0.0,open,open,0.6,0.5,0.7,0.4,0.9
CabinCruiserUnder5Kn-126676cf-4083-423d-a2f5-7310909a86ee.jpg,0.0,open,open,0.5,0.4,0.9,0.5,1.0
CabinCruiserUnder5Kn-139a6f4b-4b5b-475d-b53d-977786f8e55c.jpg,4.0,open,open,0.6,0.3,0.7,0.4,0.7
CabinCruiserUnder5Kn-13b41e1a-0394-4f9d-bbce-a20442d55bce.jpg,4.0,open,open,0.5,0.2,0.5,0.3,1.0
CabinCruiserUnder5Kn-1736d45c-3f8d-4588-bcc7-a0403cb53ce6.jpg,4.0,open,open,0.7,0.4,0.7,0.4,0.9
CabinCruiserUnder5Kn-1c18d685-b716-4e62-8f9a-7b00cf748b5f.jpg,0.0,open,open,0.6,0.3,0.9,0.4,0.7
CabinCruiserUnder5Kn-200ee2f3-ad5f-4533-8a43-638dae618159.jpg,4.0,open,open,0.5,0.2,0.3,0.2,0.9
CabinCruiserUnder5Kn-2270d2d1-6960-40c0-bc1d-969110c724e0.jpg,4.0,open,open,0.7,0.3,0.4,0.2,0.9
CabinCruiserUnder5Kn-2416dcd7-fdd2-4276-a4da-c11586a17bc7.jpg,4.0,open,open,0.9,0.6,0.2,0.5,0.7
CabinCruiserUnder5Kn-24eea890-00c6-4a33-b645-b3e49b3bb3b6.jpg,4.0,open,open,0.2,0.2,0.3,0.2,0.9
CabinCruiserUnder5Kn-24f10a97-ffa9-4dce-a337-025b4eaef5f5.jpg,4.0,open,open,0.3,0.3,0.6,0.4,0.6
CabinCruiserUnder5Kn-25483878-a222-4ab9-afd0-700c5d33d633.jpg,4.0,open,open,0.2,0.2,0.4,0.3,0.9
CabinCruiserUnder5Kn-27601461-812f-455d-8142-97b577fb070e.jpg,4.0,open,open,0.2,0.5,0.4,0.5,0.8
CabinCruiserUnder5Kn-27bb37fb-4b91-4c78-b31b-5a5a3eed60fe.jpg,4.0,open,open,0.7,0.5,0.6,0.6,0.9
CabinCruiserUnder5Kn-28529ef0-cfa0-4730-aee5-39cb67858d16.jpg,4.0,open,open,1.0,0.6,0.1,0.1,0.8
CabinCruiserUnder5Kn-285bd57f-632e-4cfd-8205-6be001a1328f.jpg,4.0,open,open,0.0,0.4,0.1,0.1,0.9
CabinCruiserUnder5Kn-2a206007-6ef2-44f2-958d-783835293232.jpg,0.0,open,open,0.6,0.4,0.9,0.4,0.9
CabinCruiserUnder5Kn-2aa1aa24-30d1-4fdf-9d7a-aef31043a2d9.jpg,4.0,open,open,0.1,0.2,0.2,0.2,0.9
CabinCruiserUnder5Kn-2b2c77cd-00ac-4993-82fb-56eaea631754.jpg,4.0,open,open,0.7,0.4,0.1,0.0,0.7
CabinCruiserUnder5Kn-2ba00b9b-501f-4365-b8a5-0024595fadea.jpg,4.0,open,open,0.7,0.3,0.3,0.2,0.8
CabinCruiserUnder5Kn-2cfe21bf-bb5b-43f2-8f5a-3118f3de903e.jpg,4.0,open,open,0.1,0.3,0.2,0.3,0.8
CabinCruiserUnder5Kn-31c20ed8-1f49-45ec-8557-5add592f8188.jpg,4.0,open,open,0.8,0.4,0.4,0.2,0.8
CabinCruiserUnder5Kn-36035445-afa7-4d62-8d37-f3ae5791df71.jpg,4.0,open,open,0.6,0.2,0.3,0.1,0.9
CabinCruiserUnder5Kn-379a8f11-699c-46b8-a79b-e1a617ae5aed.jpg,4.0,open,open,0.1,0.5,0.1,0.1,0.9
CabinCruiserUnder5Kn-3881fe46-2a2a-4468-bd8d-6721d4f222cb.jpg,4.0,open,open,0.6,0.6,0.3,0.3,0.9
CabinCruiserUnder5Kn-39835a77-59c4-4570-9381-2fa68530f478.jpg,4.0,open,open,0.4,0.2,0.3,0.2,0.9
CabinCruiserUnder5Kn-39baf9ac-203d-4996-a506-8826164ba17c.jpg,4.0,open,open,0.4,0.4,0.4,0.2,0.9
CabinCruiserUnder5Kn-3c3eaae5-e4af-4e54-aacc-076c51ac36fc.jpg,0.0,open,open,0.7,0.4,0.5,0.4,0.9
CabinCruiserUnder5Kn-3e7bd318-adea-4749-a5a8-418e1a2eae69.jpg,4.0,open,open,0.1,0.3,0.2,0.2,0.9
CabinCruiserUnder5Kn-3f9b2d89-7e29-49db-bcb7-5a479102c3ce.jpg,4.0,open,open,0.7,0.4,0.6,0.3,0.8
CabinCruiserUnder5Kn-42025ea3-5642-42d9-a8f6-5aaede6b402c.jpg,4.0,open,open,0.6,0.6,0.8,0.5,0.8
CabinCruiserUnder5Kn-464afd78-62c0-41f6-b76a-7c7c4bda330a.jpg,4.0,open,open,0.6,0.5,0.2,0.1,0.9
CabinCruiserUnder5Kn-472b404c-cf3f-4cd4-86e3-364d021e145f.jpg,4.0,open,open,0.7,0.4,0.6,0.4,0.5
CabinCruiserUnder5Kn-47bfa51c-ea8d-4296-85dc-7bf3ac67febb.jpg,4.0,open,open,0.8,0.3,0.5,0.2,0.9
CabinCruiserUnder5Kn-4b0c5954-1451-4c24-aeed-0779e6458e2f.jpg,4.0,open,open,0.2,0.3,0.4,0.2,0.8
CabinCruiserUnder5Kn-52ba52c8-61da-4230-8a3d-d5c6b52e9052.jpg,4.0,open,open,0.4,0.3,0.4,0.2,0.8
CabinCruiserUnder5Kn-548673ac-fa0e-4093-aa2e-be9f96c73998.jpg,4.0,open,open,0.6,0.3,0.5,0.2,0.9
CabinCruiserUnder5Kn-563ab0ab-ceca-489b-9f93-2143f0bc82a2.jpg,4.0,open,open,0.7,0.5,0.5,0.4,0.8
CabinCruiserUnder5Kn-57bd7e10-7ac3-45da-8e09-6784c162c78b.jpg,0.0,open,open,0.6,0.4,0.6,0.4,0.9
CabinCruiserUnder5Kn-59f100ea-242e-4ea5-af18-a922c608d8ea.jpg,4.0,open,open,0.2,0.5,0.2,0.2,0.9
CabinCruiserUnder5Kn-5c3c5aea-7a66-460c-af7a-5bc4edd420d3.jpg,4.0,open,open,0.7,0.3,0.5,0.2,0.9
CabinCruiserUnder5Kn-5d523bb4-43b5-45f3-bf03-41d4bf244713.jpg,4.0,open,open,1.0,0.6,0.1,0.1,0.9
CabinCruiserUnder5Kn-5dadf2ba-5db6-4425-879d-dee3c2ba5865.jpg,4.0,open,open,0.4,0.3,0.6,0.3,0.9
CabinCruiserUnder5Kn-5e2c4972-7867-4fe7-be29-0900a49c0ec7.jpg,4.0,open,open,0.3,0.2,0.3,0.2,0.9
CabinCruiserUnder5Kn-60516a83-25e8-435e-a844-010ff746c292.jpg,4.0,open,open,0.1,0.2,0.1,0.1,0.8
CabinCruiserUnder5Kn-60e74ca0-dc3d-4b12-b20c-efcbb37dd7d4.jpg,4.0,open,open,0.3,0.5,0.2,0.1,0.7
CabinCruiserUnder5Kn-689637e7-78b7-4193-8072-11b7946fd556.jpg,4.0,open,open,0.8,0.4,0.4,0.6,0.9
CabinCruiserUnder5Kn-6fa209bf-ab09-4389-9cfd-87b5b854934b.jpg,0.0,open,open,0.4,0.3,0.8,0.3,0.8
CabinCruiserUnder5Kn-73a07c90-6c54-4fb8-8aea-55f78cac5c17.jpg,4.0,open,open,0.8,0.6,0.4,0.5,0.9
CabinCruiserUnder5Kn-767f3f74-e3cf-41c7-90ff-9bb02ff83342.jpg,0.0,open,open,0.5,0.3,1.0,0.4,0.8
CabinCruiserUnder5Kn-771525cb-877e-42f7-ad24-a56b1fd625a6.jpg,0.0,open,open,0.4,0.3,0.7,0.4,0.9
CabinCruiserUnder5Kn-79d7f59f-a500-4bd4-bbef-d790979249b2.jpg,0.0,open,open,0.7,0.4,0.6,0.4,0.8
CabinCruiserUnder5Kn-7c5d7f86-27d6-4bad-bce5-905d0f85d69c.jpg,0.0,open,open,0.2,0.3,0.3,0.3,0.6
CabinCruiserUnder5Kn-7ddecf28-e9fb-4c61-981d-e48f2846cc58.jpg,0.0,open,open,0.7,0.4,0.7,0.4,0.8
CabinCruiserUnder5Kn-806d4f2e-9ec5-4639-a99b-c170134fdb53.jpg,4.0,open,open,0.1,0.4,0.0,0.0,0.8
CabinCruiserUnder5Kn-8153e678-5fd1-4991-8181-4a0168db15c7.jpg,0.0,open,open,0.3,0.3,0.5,0.4,0.7
CabinCruiserUnder5Kn-81f66e2d-cd93-4513-8425-0fde62c18f2d.jpg,0.0,open,open,0.6,0.4,0.7,0.4,0.6
CabinCruiserUnder5Kn-86cbb407-93cb-44cd-870d-ac1077b11387.jpg,4.0,open,open,0.4,0.5,0.2,0.1,0.9
CabinCruiserUnder5Kn-88e83b7d-e4b8-4f41-97f7-e4fbec0266c1.jpg,4.0,open,open,0.6,0.4,0.4,0.2,0.9
CabinCruiserUnder5Kn-8986eaa6-7200-403a-9bf9-549448e2c86e.jpg,4.0,open,open,0.7,0.5,0.1,0.1,0.9
CabinCruiserUnder5Kn-8acef36d-f73d-4536-9341-c5a538000289.jpg,4.0,open,open,0.3,0.5,0.1,0.1,0.8
CabinCruiserUnder5Kn-8b975aed-5a7f-404b-be32-36bfdba6cb45.jpg,4.0,open,open,0.3,0.3,0.6,0.3,0.9
CabinCruiserUnder5Kn-9099992d-0714-436f-80dd-6a23b6826ef1.jpg,4.0,open,open,0.4,0.3,0.9,0.5,0.7
CabinCruiserUnder5Kn-92557f15-f9ca-4276-818d-0711bad53290.jpg,4.0,open,open,0.4,0.4,0.9,0.4,0.9
CabinCruiserUnder5Kn-9298ecc4-c4a2-4d9d-95da-8e36164e19d1.jpg,4.0,open,open,0.9,0.3,0.1,0.2,0.9
CabinCruiserUnder5Kn-95963325-fb76-4f96-87df-3c21923a4fa7.jpg,4.0,open,open,0.7,0.3,0.4,0.2,0.9
CabinCruiserUnder5Kn-9616c48b-336c-458a-a8bf-70ed17f6173d.jpg,4.0,open,open,0.3,0.3,0.6,0.4,0.8
CabinCruiserUnder5Kn-965ed3b8-d0b8-4d23-a71c-0e3c3aeb7ea3.jpg,4.0,open,open,0.1,0.3,0.2,0.2,0.8
CabinCruiserUnder5Kn-96c7b83f-7461-4e74-b18a-46b9af4f6279.jpg,4.0,open,open,0.7,0.3,0.6,0.3,0.9
CabinCruiserUnder5Kn-975a233b-f053-4dae-9d8e-52db1049a3ef.jpg,4.0,open,open,0.4,0.3,0.7,0.4,0.9
CabinCruiserUnder5Kn-9889eb99-d423-4b38-a930-f50cfc045ac1.jpg,0.0,open,open,0.7,0.3,0.6,0.4,0.9
CabinCruiserUnder5Kn-9d022dc4-0168-4248-8a8c-2ba4e9e3d280.jpg,0.0,open,open,0.2,0.4,0.5,0.4,0.9
CabinCruiserUnder5Kn-9e4efa5b-8901-4241-8465-9a149afbfdf1.jpg,4.0,open,open,0.0,0.2,0.1,0.1,0.9
CabinCruiserUnder5Kn-9e62bfc2-1869-4d24-9f0a-5daa6f20e52c.jpg,4.0,open,open,0.5,0.3,0.7,0.3,0.8
CabinCruiserUnder5Kn-9f877217-cfb2-4861-ba02-e545475f328b.jpg,4.0,open,open,0.8,0.4,0.3,0.4,0.7
CabinCruiserUnder5Kn-a0217ad1-57ff-44d8-9a5c-465bc5b1d25c.jpg,4.0,open,open,0.6,0.2,0.3,0.2,0.8
CabinCruiserUnder5Kn-a1c86f07-97d1-47b3-8201-d032e4de5adb.jpg,4.0,open,open,0.3,0.4,0.7,0.4,0.9
CabinCruiserUnder5Kn-a4759cbd-eab4-439c-82d4-5b6b5321cc18.jpg,4.0,open,open,0.0,0.4,0.1,0.0,0.7
CabinCruiserUnder5Kn-a53eea83-46fc-459d-80f8-e5e09ed2c6d6.jpg,0.0,open,open,0.4,0.4,0.8,0.5,0.9
CabinCruiserUnder5Kn-a9a0aaad-5947-40f0-81d1-f27bed44ec3f.jpg,0.0,open,open,0.2,0.3,0.4,0.3,0.6
CabinCruiserUnder5Kn-a9d00bf1-7b6d-4eb3-b967-61854cafbf2d.jpg,4.0,open,open,0.3,0.4,0.7,0.5,0.8
CabinCruiserUnder5Kn-aa437b05-36dc-4603-8fe1-30f639c7221f.jpg,0.0,open,open,0.6,0.4,0.7,0.3,0.9
CabinCruiserUnder5Kn-abddd82b-db76-4aaf-a443-51819b44fb99.jpg,4.0,open,open,0.6,0.3,0.6,0.3,0.7
CabinCruiserUnder5Kn-ac61a662-308b-4b39-93c0-d933f94aacd3.jpg,4.0,open,open,0.6,0.3,0.7,0.4,0.9
CabinCruiserUnder5Kn-ae9bfb8b-9faa-48b2-bb51-27b6a118d643.jpg,0.0,open,open,0.5,0.5,0.9,0.5,0.8
CabinCruiserUnder5Kn-af9b5c96-f7fe-4933-bec3-03c102a13bbe.jpg,4.0,open,open,0.4,0.3,0.7,0.4,0.9
CabinCruiserUnder5Kn-b42c4e30-af9e-417b-a04c-1ae6647374b7.jpg,4.0,open,open,0.2,0.5,0.2,0.1,0.9
CabinCruiserUnder5Kn-b47bc508-ed36-490d-ab83-842518c853ec.jpg,0.0,open,open,0.8,0.4,0.5,0.5,0.9
CabinCruiserUnder5Kn-b5437fd3-69ad-404a-af71-61dec711c76a.jpg,0.0,open,open,0.5,0.4,0.7,0.4,0.9
CabinCruiserUnder5Kn-b5f0d56f-505c-409b-a8cf-42c997a2fb05.jpg,0.0,open,open,0.8,0.4,0.5,0.3,0.8
CabinCruiserUnder5Kn-b70c93b6-ce5e-4fc3-9af1-a365e0574176.jpg,4.0,open,open,0.7,0.3,0.5,0.4,0.8
CabinCruiserUnder5Kn-b871aef8-99f2-44df-968d-fc3749b6f1b4.jpg,4.0,open,open,0.2,0.3,0.5,0.3,1.0
CabinCruiserUnder5Kn-ba7d210e-61cb-4985-ae52-e68e462bfcba.jpg,0.0,open,open,0.7,0.3,0.6,0.3,0.9
CabinCruiserUnder5Kn-bb390973-5eb4-4e69-8c4d-d9e30f49fac6.jpg,0.0,open,open,0.7,0.3,0.6,0.4,0.7
CabinCruiserUnder5Kn-bbe16f08-b660-4815-98e0-505ac6b8d51f.jpg,4.0,open,open,0.5,0.4,0.9,0.4,0.7
CabinCruiserUnder5Kn-bcf71e4e-229b-469b-92fe-df8b05bea6b1.jpg,4.0,open,open,0.8,0.5,0.4,0.4,0.7
CabinCruiserUnder5Kn-c2c30b61-5838-4cf9-a049-62a0c461563d.jpg,4.0,open,open,0.5,0.4,0.1,0.1,0.8
CabinCruiserUnder5Kn-c2fa5b10-56af-4e10-b9d4-7e50ec6bfa63.jpg,0.0,open,open,0.7,0.4,0.6,0.4,0.9
CabinCruiserUnder5Kn-c6788a7f-b6e7-4b1f-953d-29f94fb61efa.jpg,4.0,open,open,0.3,0.3,0.3,0.2,0.9
CabinCruiserUnder5Kn-c736e7eb-7093-4681-b8bc-bd75f8e8c2f8.jpg,0.0,open,open,0.4,0.3,0.8,0.4,0.8
CabinCruiserUnder5Kn-c73b8190-4da7-41dd-af45-99e00fd3919d.jpg,0.0,open,open,0.5,0.5,1.0,0.5,0.8
CabinCruiserUnder5Kn-c8653af3-5584-4765-af3a-71f61bea1944.jpg,4.0,open,open,0.4,0.2,0.8,0.3,0.7
CabinCruiserUnder5Kn-c8b13a03-db35-49a8-8f53-97f5df46c5c6.jpg,4.0,open,open,0.6,0.5,0.2,0.1,0.9
CabinCruiserUnder5Kn-cc14dadd-e923-4729-9e39-20ffd61819d8.jpg,4.0,open,open,0.3,0.2,0.3,0.2,0.9
CabinCruiserUnder5Kn-cd03f040-e921-4ebe-943c-f1461fb99d7e.jpg,4.0,open,open,0.5,0.2,0.5,0.2,0.9
CabinCruiserUnder5Kn-cd292f52-472e-4a12-af20-42eac2617eb3.jpg,4.0,open,open,0.2,0.3,0.3,0.1,0.9
CabinCruiserUnder5Kn-cf716a6f-f21d-4031-b6c9-be32593cf815.jpg,0.0,open,open,0.5,0.5,0.8,0.4,0.9
CabinCruiserUnder5Kn-d0bd0d51-8a0a-462c-9ac0-bb16b7fd7eca.jpg,0.0,open,open,0.3,0.2,0.6,0.3,0.9
CabinCruiserUnder5Kn-d15710ac-d136-49a4-9a08-75a1c099ce61.jpg,4.0,open,open,0.5,0.5,0.1,0.1,0.9
CabinCruiserUnder5Kn-d1bf6195-b747-445b-bdb6-c7194840209b.jpg,0.0,open,open,0.6,0.4,0.8,0.4,0.9
CabinCruiserUnder5Kn-d6755d3b-56b2-40ee-b506-9393c33a7f20.jpg,4.0,open,open,0.5,0.3,0.7,0.4,0.5
CabinCruiserUnder5Kn-d78117a6-66e6-4666-94f1-0ee8ae42aa6d.jpg,4.0,open,open,0.2,0.4,0.5,0.3,0.9
CabinCruiserUnder5Kn-d879090f-41e7-4e09-b604-a1af7ed1cc29.jpg,4.0,open,open,0.5,0.4,1.0,0.4,0.7
CabinCruiserUnder5Kn-d8d7236a-8957-40d0-9347-baed6ca4e799.jpg,0.0,open,open,0.4,0.5,0.8,0.4,0.9
CabinCruiserUnder5Kn-de38fb90-e7d6-44e2-a91a-410f27f57904.jpg,0.0,open,open,0.6,0.4,0.8,0.4,0.8
CabinCruiserUnder5Kn-df0e6126-c108-454c-8a22-767897c4ccc3.jpg,4.0,open,open,0.5,0.2,0.3,0.2,0.9
CabinCruiserUnder5Kn-dfe9f9f0-c38c-465b-a13e-f42beff4eea6.jpg,4.0,open,open,0.4,0.3,0.6,0.3,0.9
CabinCruiserUnder5Kn-e1d8a859-7663-4ec9-9551-e8cdd3d9c12b.jpg,4.0,open,open,0.7,0.5,0.2,0.1,0.9
CabinCruiserUnder5Kn-e6d27cc9-f1c0-4215-81a8-39024f80868f.jpg,4.0,open,open,0.4,0.5,0.8,0.5,0.9
CabinCruiserUnder5Kn-ef5838a1-f6f9-4de5-a3fb-868330320b26.jpg,4.0,open,open,0.2,0.5,0.2,0.1,0.9
CabinCruiserUnder5Kn-f2ebf0f7-d23f-4a04-b516-88050ebba8f8.jpg,4.0,open,open,0.2,0.4,0.1,0.1,0.9
CabinCruiserUnder5Kn-f54fcac3-dbd9-4ba0-9b81-bae0413b2109.jpg,4.0,open,open,0.8,0.3,0.4,0.2,0.9
CabinCruiserUnder5Kn-f5ec872a-19b7-4dfb-b5bd-0338c29d2d6b.jpg,0.0,open,open,0.6,0.4,0.7,0.4,0.7
CabinCruiserUnder5Kn-f6191761-c7ea-4f11-aada-7464dd595980.jpg,4.0,open,open,0.3,0.3,0.7,0.4,0.9
CabinCruiserUnder5Kn-f7ecc3b1-937c-4e27-ab72-e7e75a7881f7.jpg,4.0,open,open,0.8,0.3,0.4,0.2,0.9
CabinCruiserUnder5Kn-f97ff75e-7996-4d8d-9d50-158a256281f1.jpg,4.0,open,open,0.4,0.5,0.1,0.1,0.8
CabinCruiserUnder5Kn-fa1c05ed-ec92-4d50-ac90-05d61b4b5daa.jpg,4.0,open,open,0.2,0.5,0.2,0.1,0.9
CabinCruiserUnder5Kn-fd303027-4d1d-4128-a075-d4ca50bc90f4.jpg,4.0,open,open,0.2,0.3,0.5,0.4,0.7
CommercialUnder5Kn-0b763ffd-1c61-416e-a444-beddf739e285.jpg,4.0,open,commercial,0.8,0.5,0.2,0.1,0.7
CommercialUnder5Kn-1f170974-12c2-433d-9df7-45a502e21114.jpg,4.0,open,commercial,0.4,0.4,0.2,0.1,0.8
CommercialUnder5Kn-214606dc-88f2-4e6c-9643-63d125a68e41.jpg,4.0,open,commercial,0.6,0.3,0.4,0.2,0.9
CommercialUnder5Kn-3b466ffc-4873-42ef-bc92-593d3abb59d5.jpg,4.0,open,commercial,0.5,0.5,0.2,0.1,0.9
CommercialUnder5Kn-415a097b-5d63-4be8-98d9-2a9bcb9adef2.jpg,4.0,open,commercial,0.0,0.4,0.1,0.0,0.8
CommercialUnder5Kn-48c2b8be-1956-4e6b-bd7d-3d2d060952ec.jpg,4.0,open,commercial,0.8,0.4,0.4,0.3,0.9
CommercialUnder5Kn-53886577-2df1-4938-b51a-7897d594018b.jpg,4.0,open,commercial,0.3,0.2,0.3,0.2,0.9
CommercialUnder5Kn-5d1ce6f6-a18b-45a4-bb32-9e0151472778.jpg,4.0,open,commercial,0.4,0.6,0.8,0.5,0.7
CommercialUnder5Kn-64bbf8a5-325c-4d32-afc9-0ebcde13281c.jpg,4.0,open,commercial,0.1,0.3,0.3,0.2,0.9
CommercialUnder5Kn-69e9b778-1587-4fa0-b492-4dbdebdfbae7.jpg,4.0,open,commercial,0.4,0.4,0.1,0.1,0.9
CommercialUnder5Kn-72485bb6-3c87-47b7-89e9-d1262f0323cf.jpg,4.0,open,commercial,0.8,0.5,0.2,0.1,0.8
CommercialUnder5Kn-a2dfac0e-1a5d-469c-8f2f-d14023d15259.jpg,4.0,open,commercial,0.5,0.3,0.7,0.4,0.9
CommercialUnder5Kn-a5e88ad5-73b3-42ca-a97f-c5a209ce98ca.jpg,4.0,open,commercial,0.2,0.4,0.1,0.1,0.9
CommercialUnder5Kn-a788c0b1-4086-47b6-92ed-1cd671871c0a.jpg,4.0,open,commercial,0.1,0.4,0.1,0.1,0.9
CommercialUnder5Kn-b18e8b24-9223-4a96-8258-8b044e640c38.jpg,4.0,open,commercial,0.5,0.4,0.1,0.1,0.8
CommercialUnder5Kn-b24de0c1-ee19-49c1-86fc-410582e3451d.jpg,4.0,open,commercial,0.2,0.4,0.1,0.0,0.6
CommercialUnder5Kn-d0fc29a3-1dfc-4963-b22b-ae56880ee99b.jpg,4.0,open,commercial,0.2,0.4,0.0,0.0,0.8
CommercialUnder5Kn-d7f38107-a0bc-41ad-ae07-7318baadf0cc.jpg,4.0,open,commercial,0.8,0.5,0.1,0.1,0.5
CommercialUnder5Kn-da570a3b-ad49-4ebe-8835-8963514ed7db.jpg,4.0,open,commercial,0.1,0.4,0.1,0.1,0.9
CommercialUnder5Kn-e4e2a81b-5d87-44cc-9c8e-dccf38614293.jpg,4.0,open,commercial,0.6,0.4,0.2,0.1,0.6
CommercialUnder5Kn-ecd8b52d-52eb-4ab2-96c8-e4a6250c9acd.jpg,4.0,open,commercial,0.1,0.3,0.2,0.3,0.9
CommercialUnder5Kn-ee7dbcc2-b44c-4ed8-abed-3227405fdf63.jpg,4.0,open,commercial,0.1,0.4,0.1,0.1,0.8
CommercialUnder5Kn-f1d9a7bf-9fc9-432f-9b0d-3b98e1268fbf.jpg,1.0,humanpowered,commercial,0.1,0.7,0.1,0.1,0.5
CommercialUnder5Kn-f55d02c2-2270-429a-98f2-837557edd0dd.jpg,4.0,open,commercial,0.2,0.5,0.3,0.2,0.9
HalfCabOver5Kn-7a022880-99ea-4bee-9799-7a3006348889.jpg,4.0,open,open,0.5,0.4,0.1,0.1,0.8
HalfCabOver5Kn-88b71241-ffb6-40d9-b423-54e40a61abff.jpg,4.0,open,open,0.3,0.2,0.2,0.1,0.9
HalfCabOver5Kn-b2fd6057-5862-4c61-bf67-4290026d1169.jpg,4.0,open,open,0.6,0.5,0.1,0.1,0.7
HalfCabOver5Kn-b65ce145-2fbd-4f03-b8bd-40571941c020.jpg,4.0,open,open,0.7,0.6,0.6,0.4,0.9
HalfCabOver5Kn-b76b3ddf-08f6-4727-82bc-f5efbebd1bbc.jpg,4.0,open,open,0.5,0.3,0.4,0.2,0.9
HalfCabUnder5Kn - 20230414_121843M.jpg,4.0,open,open,0.3,0.5,0.1,0.1,0.7
HalfCabUnder5Kn - 20230414_121910M.jpg,4.0,open,open,0.0,0.4,0.0,0.1,0.7
HalfCabUnder5Kn-00f54d88-2450-4a84-b873-ca23289fc78e.jpg,4.0,open,open,0.0,0.5,0.1,0.1,0.8
HalfCabUnder5Kn-03fb5345-a584-489c-b04c-05e714ae5925.jpg,4.0,open,open,0.5,0.4,0.5,0.3,0.9
HalfCabUnder5Kn-04067d28-02fa-4bf3-b0d5-1720d137dd92.jpg,4.0,open,open,0.6,0.3,0.4,0.2,0.9
HalfCabUnder5Kn-043df137-ef5c-4ca8-b9cd-34d175b55a47.jpg,0.0,open,open,0.6,0.3,0.5,0.3,0.8
HalfCabUnder5Kn-05825a01-ad04-4b64-a20a-889fb9ef7906.jpg,4.0,open,open,0.3,0.3,0.4,0.2,0.7
HalfCabUnder5Kn-083c1ddb-3d35-483b-a072-44a27617ad82.jpg,4.0,open,open,0.7,0.5,0.1,0.1,0.9
HalfCabUnder5Kn-093612a1-0dff-468a-b866-dacc4cec84f7.jpg,4.0,open,open,0.3,0.2,0.2,0.1,0.9
HalfCabUnder5Kn-0b66cf1e-b052-4a03-a417-3e8833502357.jpg,4.0,open,open,0.3,0.4,0.5,0.3,0.9
HalfCabUnder5Kn-0c4f8621-896e-4620-95a8-b3040c60cb77.jpg,4.0,open,open,0.9,0.3,0.2,0.3,0.8
HalfCabUnder5Kn-0d5d4a1d-b024-4855-8c0e-7c43c9727804.jpg,4.0,open,open,0.6,0.3,0.4,0.2,0.9
HalfCabUnder5Kn-0df12268-64ca-47d0-8e3d-6e49d54c4e6c.jpg,4.0,open,open,0.5,0.2,0.3,0.1,0.9
HalfCabUnder5Kn-0e276d5a-e34a-4777-a3fe-491b2e546be9.jpg,4.0,open,open,0.4,0.5,0.8,0.3,0.9
HalfCabUnder5Kn-0ee00f0e-5b86-43c5-8d60-14f822ded340.jpg,4.0,open,open,0.8,0.3,0.4,0.2,0.9
HalfCabUnder5Kn-10a7ceff-fbce-4143-be0d-86a1878398d9.jpg,4.0,open,open,0.9,0.4,0.3,0.2,1.0
HalfCabUnder5Kn-126b523f-383f-49c4-a593-a7899b8f3f3b.jpg,4.0,open,open,0.2,0.4,0.5,0.4,0.9
HalfCabUnder5Kn-126d2135-14a4-482d-81ad-6423bb2f62fe.jpg,4.0,open,open,0.1,0.5,0.2,0.3,0.8
HalfCabUnder5Kn-16c39140-c1f0-421e-b842-e4a2477adf63.jpg,4.0,open,open,0.4,0.4,0.1,0.1,0.6
HalfCabUnder5Kn-1b20511e-8fc7-4eeb-b6cb-fe209ac52162.jpg,4.0,open,open,0.3,0.4,0.5,0.3,1.0
HalfCabUnder5Kn-1b24fc00-270f-4b06-81fc-09c21163f5d3.jpg,4.0,open,open,0.6,0.4,0.6,0.3,0.9
HalfCabUnder5Kn-1b26246d-fcc9-4743-bb41-f6e62c1ca24f.jpg,4.0,open,open,0.8,0.5,0.3,0.4,0.9
HalfCabUnder5Kn-1c4241b0-5d44-471e-9863-bbe2b0124e19.jpg,4.0,open,open,0.9,0.4,0.3,0.2,0.9
HalfCabUnder5Kn-1cae6458-a9d1-4878-88cc-4c96ea77e0cc.jpg,4.0,open,open,0.5,0.5,0.6,0.3,0.9
HalfCabUnder5Kn-1da55301-f1dd-4840-9ab0-5cbc4cf73c71.jpg,4.0,open,open,0.8,0.5,0.3,0.3,0.9
HalfCabUnder5Kn-20b53313-5093-431b-bc60-b221eb03e741.jpg,4.0,open,open,0.9,0.3,0.2,0.3,0.9
HalfCabUnder5Kn-211fa8c3-3905-4644-8553-c31fb4a4938f.jpg,4.0,open,open,0.7,0.6,0.6,0.3,0.9
HalfCabUnder5Kn-24bf543f-46f4-499c-bc08-e8d05ab8f32f.jpg,4.0,open,open,0.5,0.3,0.4,0.2,0.9
HalfCabUnder5Kn-24f6cb8f-e6bf-47fd-b7a3-dccb1f056964.jpg,4.0,open,open,0.8,0.6,0.5,0.3,0.9
HalfCabUnder5Kn-250bb869-e6dc-46bf-a7fb-fcd7ba1a40fd.jpg,4.0,open,open,0.1,0.3,0.1,0.2,0.8
HalfCabUnder5Kn-255bd9c3-1da0-4849-9eb1-122a97be20a1.jpg,4.0,open,open,0.6,0.4,0.5,0.3,0.9
HalfCabUnder5Kn-2a37132e-88c7-4cd0-912d-dd1542eced41.jpg,4.0,open,open,0.3,0.4,0.1,0.1,0.8
HalfCabUnder5Kn-2afa4dac-2d4c-4638-95e6-2bb00a1625a9.jpg,4.0,open,open,0.2,0.5,0.5,0.4,0.7
HalfCabUnder5Kn-2e6ec5a7-5323-4fcf-bf3f-5c055cbd3c49.jpg,4.0,open,open,0.5,0.3,0.5,0.2,1.0
HalfCabUnder5Kn-30252484-4839-4665-b721-2d6a3357ee6e.jpg,4.0,open,open,0.2,0.4,0.4,0.3,0.9
HalfCabUnder5Kn-30f5e536-83ba-4ae6-b295-b325a274a3be.jpg,4.0,open,open,0.4,0.3,0.2,0.1,0.9
HalfCabUnder5Kn-31bdd369-6b56-462d-877e-59bd7704488d.jpg,4.0,open,open,0.4,0.4,0.6,0.3,0.9
HalfCabUnder5Kn-32ff7ad2-045b-4d16-a9ab-314133404206.jpg,4.0,open,open,0.3,0.4,0.1,0.1,0.8
HalfCabUnder5Kn-3429fa8f-209a-48df-a152-67226d23f305.jpg,4.0,open,open,0.5,0.5,0.7,0.3,0.9
HalfCabUnder5Kn-350d68a8-b297-4bdf-9a64-2682311b77b4.jpg,4.0,open,open,0.3,0.4,0.6,0.4,0.9
HalfCabUnder5Kn-38bd3f61-0ea8-4f99-97b3-83b605000dd5.jpg,4.0,open,open,0.3,0.3,0.5,0.3,0.9
HalfCabUnder5Kn-390b8e20-f3f3-4d26-9ec5-b34229e3ba42.jpg,4.0,open,open,0.3,0.6,0.6,0.3,0.9
HalfCabUnder5Kn-3c3e7370-e9ef-4457-a761-e8ff7d5d3504.jpg,4.0,open,open,0.2,0.2,0.2,0.1,0.8
HalfCabUnder5Kn-3e1ad16c-aa81-42d1-a093-ca41495cef7d.jpg,4.0,open,open,0.5,0.4,0.4,0.2,0.9
HalfCabUnder5Kn-3f29af0d-9eb3-4385-8c80-9fff1c60ed2b.jpg,4.0,open,open,0.1,0.4,0.2,0.3,0.9
HalfCabUnder5Kn-425015b6-964b-4e26-a237-ce17ca213647.jpg,4.0,open,open,0.4,0.4,0.1,0.1,0.8
HalfCabUnder5Kn-429c86d3-97d1-41f7-bfb3-ccd0622fa94e.jpg,0.0,open,open,0.8,0.3,0.4,0.3,0.7
HalfCabUnder5Kn-458d8ed9-e1d3-462a-97d4-9256ccb4cde6.jpg,4.0,open,open,0.5,0.5,0.5,0.3,0.9
HalfCabUnder5Kn-462dc729-b13d-401e-a661-620971a6b1da.jpg,4.0,open,open,0.6,0.6,0.7,0.3,0.9
HalfCabUnder5Kn-4726683c-779b-4a2b-b565-8689329e8770.jpg,4.0,open,open,0.5,0.3,0.4,0.2,0.9
HalfCabUnder5Kn-47c919e3-71af-4e6a-80b8-ed5fac67a339.jpg,4.0,open,open,0.4,0.4,0.7,0.4,0.9
HalfCabUnder5Kn-4a914e51-04be-4b6d-b5d7-0f15745d08a5.jpg,4.0,open,open,0.5,0.5,0.5,0.3,0.9
HalfCabUnder5Kn-4c4db527-93cd-44a9-8c7b-fd7763d3173f.jpg,4.0,open,open,0.9,0.6,0.2,0.4,0.8
HalfCabUnder5Kn-4f376207-2083-404e-99dd-65b1a388e731.jpg,4.0,open,open,0.5,0.2,0.3,0.2,0.9
HalfCabUnder5Kn-51b3dbdf-0cd6-4809-adc9-8144b416a39f.jpg,4.0,open,open,0.4,0.5,0.6,0.4,0.9
HalfCabUnder5Kn-532f79bb-e37a-43f1-84ad-66b08ba95fcb.jpg,4.0,open,open,0.4,0.3,0.3,0.2,0.9
HalfCabUnder5Kn-544983d8-582e-49ee-aab4-6ddfc672b14b.jpg,4.0,open,open,0.9,0.8,0.2,0.2,0.8
HalfCabUnder5Kn-57620a34-8684-4aca-adb7-a5d56a04526e.jpg,4.0,open,open,0.2,0.3,0.4,0.3,0.9
HalfCabUnder5Kn-5b74ca8d-413a-4189-9c92-650279840572.jpg,4.0,open,open,0.2,0.2,0.3,0.2,0.9
HalfCabUnder5Kn-5c2c587c-dfaf-4681-8122-778de937448d.jpg,4.0,open,open,0.7,0.5,0.6,0.4,0.7
HalfCabUnder5Kn-5da1aafb-6965-405b-acfc-2a037e1ecd6e.jpg,4.0,open,open,0.8,0.4,0.5,0.3,0.9
HalfCabUnder5Kn-5f2dd186-8395-4698-bd17-8d069f55adc7.jpg,4.0,open,open,0.6,0.4,0.6,0.4,1.0
HalfCabUnder5Kn-5f4be7ba-96e7-4d5c-9260-dc63664fa806.jpg,4.0,open,open,0.7,0.2,0.3,0.2,0.9
HalfCabUnder5Kn-633fa0a0-5812-409e-872e-8a6f3f373918.jpg,4.0,open,open,0.2,0.8,0.3,0.5,0.8
HalfCabUnder5Kn-648aa500-9fb4-4f31-bb6d-1f667780105d.jpg,4.0,open,open,0.5,0.3,0.4,0.2,0.9
HalfCabUnder5Kn-64f02955-f698-4740-a63a-1f8be1126f28.jpg,4.0,open,open,0.4,0.3,0.5,0.3,1.0
HalfCabUnder5Kn-6510e9bc-ac25-4d10-b2c8-0867bb8c51ca.jpg,4.0,open,open,0.4,0.4,0.5,0.3,0.9
HalfCabUnder5Kn-6599ad87-8d29-47c2-b958-3017ff3a5f62.jpg,4.0,open,open,0.2,0.8,0.3,0.5,0.9
HalfCabUnder5Kn-66073082-2220-4649-b207-cc34f8d146ff.jpg,4.0,open,open,0.1,0.4,0.0,0.0,0.7
HalfCabUnder5Kn-676deea3-07fd-4634-b70a-0228e9e1c8ad.jpg,4.0,open,open,0.2,0.3,0.4,0.3,1.0
HalfCabUnder5Kn-68b023f7-e040-4262-83a6-1d6c9def9447.jpg,4.0,open,open,0.9,0.8,0.2,0.2,0.9
HalfCabUnder5Kn-692d64d2-3c42-4886-8740-656495f321b0.jpg,4.0,open,open,0.8,0.8,0.4,0.4,0.8
HalfCabUnder5Kn-6fa6ae48-fa3b-4526-8303-30929c1218d0.jpg,4.0,open,open,0.7,0.6,0.1,0.1,0.6
HalfCabUnder5Kn-71e299e1-5385-41e7-b2ba-fc2b94e774bd.jpg,4.0,open,open,0.1,0.2,0.2,0.1,0.9
HalfCabUnder5Kn-7420af40-7046-4e4c-bf84-8563fbf4becd.jpg,4.0,open,open,0.7,0.7,0.7,0.4,0.9
HalfCabUnder5Kn-74295d20-aad7-4b69-b992-7a891650a344.jpg,4.0,open,open,0.3,0.3,0.5,0.3,1.0
HalfCabUnder5Kn-76d1b6fd-a48d-4f41-a75f-dc3d184622c3.jpg,4.0,open,open,0.6,0.3,0.3,0.2,0.9
HalfCabUnder5Kn-7750a9ea-31d5-4386-924e-ac142dd59c35.jpg,4.0,open,open,0.7,0.5,0.1,0.1,0.9
HalfCabUnder5Kn-78229ac5-4f13-4e25-8293-308724631076.jpg,4.0,open,open,0.2,0.3,0.5,0.2,1.0
HalfCabUnder5Kn-784e7408-2af9-4695-970d-e20694cdd388.jpg,4.0,open,open,0.2,0.3,0.3,0.2,0.9
HalfCabUnder5Kn-79fbc35e-b6e6-415d-87d6-90c18fbb4162.jpg,4.0,open,open,0.1,0.2,0.2,0.1,0.9
HalfCabUnder5Kn-7a53daf8-b6ef-42a0-af13-000735e1b9c0.jpg,4.0,open,open,0.6,0.4,0.6,0.3,0.9
HalfCabUnder5Kn-7b0cfd46-9d52-4aad-ba1c-a505e91c0451.jpg,4.0,open,open,0.3,0.6,0.6,0.4,0.8
HalfCabUnder5Kn-7b7c8357-9682-4c1d-86a5-58afb0033a56.jpg,4.0,open,open,0.2,0.3,0.3,0.2,0.9
HalfCabUnder5Kn-7db90fc8-1692-45dd-a23c-ab353188bc29.jpg,4.0,open,open,0.6,0.5,0.1,0.1,0.9
HalfCabUnder5Kn-80735b2b-be9f-4e15-8e3e-d51e86e55bef.jpg,4.0,open,open,0.6,0.5,0.1,0.1,0.9
HalfCabUnder5Kn-817bb1bc-dd4f-4763-a7b0-17bf5cd54c3d.jpg,4.0,open,open,0.2,0.4,0.4,0.2,0.9
HalfCabUnder5Kn-821fca3f-23fe-49b5-978e-68843d7a2033.jpg,4.0,open,open,0.3,0.3,0.4,0.3,0.9
HalfCabUnder5Kn-82b52412-2871-4db1-bddf-294cbbd72f4a.jpg,4.0,open,open,0.5,0.4,0.4,0.2,1.0
HalfCabUnder5Kn-8363d219-e916-4f91-b490-f2990421bb9e.jpg,4.0,open,open,0.1,0.4,0.3,0.3,0.9
HalfCabUnder5Kn-84858587-2b8e-4b7c-aeb7-038c2418590d.jpg,4.0,open,open,0.2,0.3,0.3,0.2,0.9
HalfCabUnder5Kn-884a15ca-4113-426e-8882-05d960951ca3.jpg,4.0,open,open,0.2,0.3,0.4,0.3,0.9
HalfCabUnder5Kn-89ebd584-c0c6-43d1-ab80-58d2354cbeab.jpg,4.0,open,open,0.4,0.3,0.3,0.1,0.9
HalfCabUnder5Kn-8bf0149d-325b-4216-a0dd-ff3b21dc9dc0.jpg,4.0,open,open,0.4,0.3,0.4,0.2,0.9
HalfCabUnder5Kn-8cc75596-03d5-4b55-8137-348def9e3342.jpg,4.0,open,open,0.3,0.7,0.5,0.3,0.9
HalfCabUnder5Kn-8cd2b3ab-839c-4cfc-9fc0-50e521a908cd.jpg,4.0,open,open,0.2,0.3,0.2,0.1,0.9
HalfCabUnder5Kn-8ec95d26-5267-44a6-8ee9-8e2c30f4e3b0.jpg,4.0,open,open,0.3,0.3,0.4,0.2,0.9
HalfCabUnder5Kn-90ce42a1-eecf-4a78-85ab-f1a90aaaa54d.jpg,4.0,open,open,0.2,0.4,0.4,0.3,0.9
HalfCabUnder5Kn-92fb8c45-53be-4cce-9620-9544fde6fbb8.jpg,4.0,open,open,0.2,0.4,0.5,0.3,0.5
HalfCabUnder5Kn-945523f5-485a-4701-90d2-a0fa59bc9ebc.jpg,4.0,open,open,0.4,0.4,0.5,0.3,0.6
HalfCabUnder5Kn-954de1e1-975b-44c1-b527-dc8e5aa8acce.jpg,4.0,open,open,0.3,0.2,0.2,0.1,0.9
HalfCabUnder5Kn-955da1e7-337e-492c-a0f8-ce5da576b2c8.jpg,4.0,open,open,0.4,0.4,0.3,0.2,0.9
HalfCabUnder5Kn-95f5c1b9-5ae3-44fd-990c-17c4d9dc998f.jpg,4.0,open,open,0.8,0.8,0.4,0.4,0.9
HalfCabUnder5Kn-97617224-b4b2-4dac-8d28-31527a1f0659.jpg,4.0,open,open,0.4,0.5,0.6,0.3,0.9
HalfCabUnder5Kn-97d3f154-fa14-40cb-b017-2c736cf8ebb4.jpg,4.0,open,open,0.1,0.4,0.3,0.2,0.9
HalfCabUnder5Kn-981213e7-b4d2-4eff-b1de-803202d57cd2.jpg,4.0,open,open,0.3,0.6,0.2,0.3,0.9
HalfCabUnder5Kn-9acbf73c-6f0b-47f0-9b61-b1062fbe0aed.jpg,4.0,open,open,0.2,0.5,0.5,0.3,0.7
HalfCabUnder5Kn-9ae6969e-3845-4304-b3fa-d31b347c8338.jpg,4.0,open,open,0.2,0.3,0.4,0.3,0.9
HalfCabUnder5Kn-9b2bd41d-3a8b-4bde-bd50-635f22200d49.jpg,4.0,open,open,0.5,0.3,0.5,0.2,0.9
HalfCabUnder5Kn-9b785981-be4a-4ec1-902c-f72292385b39.jpg,4.0,open,open,0.9,0.3,0.3,0.3,0.5
HalfCabUnder5Kn-9d301f89-4b4d-4afe-83f5-b68521eb90cc.jpg,4.0,open,open,0.7,0.5,0.1,0.1,0.9
HalfCabUnder5Kn-9d3a7fba-fe4e-4cca-828f-242f386abf7a.jpg,4.0,open,open,0.3,0.4,0.1,0.0,0.9
HalfCabUnder5Kn-a03ebfbc-8ba2-476b-9ece-636f7efe8d22.jpg,4.0,open,open,0.6,0.3,0.5,0.3,0.8
HalfCabUnder5Kn-a04ae229-42b7-4571-ad1a-947b067f6328.jpg,4.0,open,open,0.7,0.7,0.3,0.4,0.9
HalfCabUnder5Kn-a1745b19-cc51-4fb0-b33a-86a96fceef81.jpg,4.0,open,open,0.7,0.5,0.5,0.3,0.8
HalfCabUnder5Kn-a1d8edf9-7a28-4760-bede-413ca7c6279c.jpg,4.0,open,open,0.7,0.5,0.5,0.3,0.8
HalfCabUnder5Kn-a436bc60-366e-4877-9a3c-4285235ad6e2.jpg,4.0,open,open,0.7,0.5,0.3,0.3,0.9
HalfCabUnder5Kn-a4913a56-b562-4fc8-9c1f-402351592cbd.jpg,4.0,open,open,0.6,0.4,0.4,0.2,0.9
HalfCabUnder5Kn-a55eabfd-33fd-4f39-ad09-a54649bab177.jpg,4.0,open,open,0.7,0.4,0.6,0.3,0.9
HalfCabUnder5Kn-a5d8d51f-6b06-415c-9c8e-79214407450f.jpg,4.0,open,open,0.1,0.3,0.3,0.3,0.9
HalfCabUnder5Kn-a8b4a270-10aa-4ae3-bb8c-126cb8ea2b53.jpg,4.0,open,open,0.7,0.6,0.5,0.3,0.8
HalfCabUnder5Kn-a98f33eb-02f5-4c92-a6bc-e7354b6dbb52.jpg,4.0,open,open,0.7,0.4,0.6,0.3,1.0
HalfCabUnder5Kn-aa3d35cc-50ba-45b9-aed3-43218c337494.jpg,4.0,open,open,0.1,0.4,0.2,0.4,0.9
HalfCabUnder5Kn-aaa46cb8-ef08-4178-a4fe-108c1a3c3f54.jpg,4.0,open,open,0.3,0.4,0.1,0.1,0.9
HalfCabUnder5Kn-ab669034-8c84-4a06-a924-808d3de85af5.jpg,1.0,humanpowered,open,0.3,0.7,0.6,0.1,0.6
HalfCabUnder5Kn-abc14072-ea5c-44a0-b6d3-6ebe1a1b7185.jpg,4.0,open,open,0.8,0.3,0.3,0.2,0.9
HalfCabUnder5Kn-ae3faf25-dd86-4f63-a202-fc74ab442528.jpg,4.0,open,open,0.5,0.3,0.3,0.2,0.7
HalfCabUnder5Kn-af0753dd-2d8e-4b34-9d63-667e8614f32d.jpg,4.0,open,open,0.1,0.3,0.2,0.2,0.9
HalfCabUnder5Kn-b069fd37-7cd9-44f6-b08b-ac2ce9e95932.jpg,4.0,open,open,0.8,0.2,0.3,0.2,0.9
HalfCabUnder5Kn-b1c518d5-ff8e-4a91-a4e5-c71e6c4d7b21.jpg,4.0,open,open,0.4,0.3,0.6,0.3,0.9
HalfCabUnder5Kn-b269f33e-9efb-4ec6-98e9-8dcc6efa29b9.jpg,4.0,open,open,0.5,0.4,0.5,0.3,1.0
HalfCabUnder5Kn-b2d3826f-605c-4392-9104-6edaa68f7d7a.jpg,4.0,open,open,0.2,0.3,0.4,0.3,0.9
HalfCabUnder5Kn-b3fec3ed-0898-4f5c-aa21-10f1c8dd0f23.jpg,4.0,open,open,0.1,0.2,0.2,0.2,0.8
HalfCabUnder5Kn-b509d7d3-d878-4597-b131-5b70d10188f8.jpg,4.0,open,open,0.5,0.4,0.5,0.3,0.9
HalfCabUnder5Kn-b557f506-bccd-4561-815d-45c79cc109db.jpg,4.0,open,open,0.3,0.3,0.4,0.2,1.0
HalfCabUnder5Kn-b5d38c05-8f5d-439c-b941-951b2c65270c.jpg,4.0,open,open,0.3,0.5,0.3,0.3,0.9
HalfCabUnder5Kn-b6360f1c-8fb1-4dc6-801b-cfb31a3a81ab.jpg,4.0,open,open,0.8,0.3,0.5,0.3,0.9
HalfCabUnder5Kn-b683af97-f65c-454d-bf78-7b819c28b07b.jpg,4.0,open,open,0.6,0.3,0.3,0.2,0.9
HalfCabUnder5Kn-b780007b-3537-4c37-adfe-8ff720d11843.jpg,4.0,open,open,0.9,0.6,0.1,0.1,0.8
HalfCabUnder5Kn-b986d6b2-efa6-42cd-b537-0e3ab32fedd8.jpg,4.0,open,open,0.2,0.3,0.4,0.3,1.0
HalfCabUnder5Kn-ba199bbf-5544-4a40-aec3-190500df656a.jpg,4.0,open,open,0.2,0.3,0.4,0.3,0.9
HalfCabUnder5Kn-ba8608f7-cb72-464b-8dd2-c0eb78199c38.jpg,4.0,open,open,0.3,0.3,0.3,0.2,0.9
HalfCabUnder5Kn-bdf9eff8-b986-40f7-8d11-84102657bbfc.jpg,4.0,open,open,0.7,0.4,0.5,0.3,0.9
HalfCabUnder5Kn-be0cfda2-ad9a-4647-9fea-0bf6a26eec0b.jpg,4.0,open,open,0.4,0.4,0.6,0.3,0.9
HalfCabUnder5Kn-bed3b42d-097a-4cc2-beb7-a64de2b334a4.jpg,4.0,open,open,0.7,0.5,0.6,0.3,0.8
HalfCabUnder5Kn-bf93353b-e304-414f-b1d5-bf2259e0c736.jpg,4.0,open,open,0.3,0.2,0.2,0.1,0.9
HalfCabUnder5Kn-c2603200-3682-4851-ad0b-1a97677a824c.jpg,4.0,open,open,0.2,0.8,0.4,0.5,0.9
HalfCabUnder5Kn-c5149a9c-62e3-4b23-8a31-faadbfa943d8.jpg,4.0,open,open,0.6,0.2,0.3,0.2,0.9
HalfCabUnder5Kn-c525a5b6-29c0-49db-bc1e-1afbf8bf6782.jpg,4.0,open,open,0.7,0.5,0.2,0.1,0.8
HalfCabUnder5Kn-c72aa8b9-8ac7-4162-b64f-c90c6e637930.jpg,4.0,open,open,0.5,0.5,0.9,0.4,0.8
HalfCabUnder5Kn-c7efdcbd-41de-4af9-a591-c9714da155b7.jpg,4.0,open,open,0.1,0.4,0.2,0.4,0.9
HalfCabUnder5Kn-c8ce9b91-ec4a-4409-bdc1-a85febe67933.jpg,4.0,open,open,0.1,0.3,0.3,0.2,0.9
HalfCabUnder5Kn-cb37a0a8-aca5-4bf9-9cfb-2587f7386537.jpg,4.0,open,open,0.7,0.4,0.3,0.2,0.9
HalfCabUnder5Kn-cd36f0e2-8f94-465d-8c01-9231c0b12e71.jpg,4.0,open,open,0.6,0.4,0.7,0.4,0.9
HalfCabUnder5Kn-cfdd4661-53be-4649-8819-aa41221072e8.jpg,4.0,open,open,0.6,0.7,0.8,0.4,0.9
HalfCabUnder5Kn-d03283a3-9cee-44f9-beff-c9e65c2c289d.jpg,4.0,open,open,0.5,0.3,0.5,0.3,0.9
HalfCabUnder5Kn-d12aa334-61c2-4791-aa51-e8bcb4ac9eb5.jpg,4.0,open,open,0.5,0.2,0.3,0.2,0.9
HalfCabUnder5Kn-d283f7bb-a7fd-461e-b9ec-3b22bc4d22c9.jpg,4.0,open,open,0.4,0.3,0.6,0.3,0.8
HalfCabUnder5Kn-d2c72139-7586-44ee-b7a9-5334e7fb3d6e.jpg,4.0,open,open,0.2,0.4,0.1,0.0,0.7
HalfCabUnder5Kn-d4002c28-49b0-4cc1-96aa-45779d46fe00.jpg,4.0,open,open,0.8,0.5,0.3,0.3,0.9
HalfCabUnder5Kn-d53cf3ce-b67f-49c7-b60d-7a37a31f55d3.jpg,4.0,open,open,0.4,0.5,0.2,0.1,0.9
HalfCabUnder5Kn-d5433aea-4105-439b-b245-7dbfa34fdc67.jpg,4.0,open,open,0.2,0.4,0.1,0.1,0.9
HalfCabUnder5Kn-d57aafc5-32f9-4178-951f-d475809d5fd1.jpg,4.0,open,open,0.3,0.2,0.2,0.1,0.9
HalfCabUnder5Kn-d6221a68-8840-469e-92ee-00c2c2ec9943.jpg,4.0,open,open,0.6,0.3,0.5,0.2,0.9
HalfCabUnder5Kn-d7499d71-f9da-4cbb-863a-3aa916eccdd7.jpg,4.0,open,open,0.2,0.4,0.4,0.3,0.9
HalfCabUnder5Kn-d7f577bf-a1be-48f0-b818-bb15720daf98.jpg,4.0,open,open,0.1,0.3,0.1,0.3,0.8
HalfCabUnder5Kn-d8646a49-2ace-4646-9db6-98f63a7cc18c.jpg,4.0,open,open,0.6,0.4,0.7,0.3,0.9
HalfCabUnder5Kn-dc94ebed-c4eb-4ce1-adf6-c9063ea85d87.jpg,4.0,open,open,0.6,0.3,0.4,0.2,0.9
HalfCabUnder5Kn-dd397e69-9ab7-4673-a057-1bfe99f9f1ca.jpg,4.0,open,open,0.2,0.6,0.2,0.3,0.9
HalfCabUnder5Kn-de36b1ec-0c25-4750-9aec-19755c7231bb.jpg,4.0,open,open,0.8,0.3,0.2,0.1,0.5
HalfCabUnder5Kn-df93acb7-cd26-4ddc-ab41-25d592404ef4.jpg,4.0,open,open,0.7,0.3,0.6,0.3,0.9
HalfCabUnder5Kn-e18d4ee9-f895-4886-9eef-9ff1a51280c5.jpg,4.0,open,open,0.3,0.5,0.1,0.1,0.7
HalfCabUnder5Kn-e57a28da-2f02-429c-b2cf-0d23cb1176cd.jpg,4.0,open,open,0.3,0.4,0.1,0.0,0.8
HalfCabUnder5Kn-e64f3e4e-96ce-4589-b747-4825162ae909.jpg,4.0,open,open,0.2,0.2,0.2,0.1,0.7
HalfCabUnder5Kn-e6683972-259c-4711-9b15-b18529bedcd8.jpg,4.0,open,open,0.2,0.3,0.3,0.2,0.9
HalfCabUnder5Kn-e9008f1f-4f6a-4c04-98e3-d589d0a1047b.jpg,4.0,open,open,0.4,0.3,0.4,0.2,0.9
HalfCabUnder5Kn-e91c47e8-68a3-4b43-8152-f7393a80d8ef.jpg,4.0,open,open,0.8,0.3,0.4,0.2,1.0
HalfCabUnder5Kn-edbc44f7-55b9-4be1-9b4f-6147e02394d0.jpg,4.0,open,open,0.2,0.3,0.4,0.2,0.9
HalfCabUnder5Kn-ef76fd8c-ccb2-467e-b41d-296dd5d36ef3.jpg,4.0,open,open,0.4,0.4,0.1,0.1,0.9
HalfCabUnder5Kn-f070054f-c50d-47a5-b891-418ead3f2def.jpg,4.0,open,open,0.2,0.3,0.4,0.2,0.9
HalfCabUnder5Kn-f0ee83c9-bf24-4259-a884-d4f12957f0a8.jpg,4.0,open,open,0.7,0.5,0.1,0.1,0.7
HalfCabUnder5Kn-f1b4b6ed-71c6-4dfc-9707-0321753b346b.jpg,4.0,open,open,0.5,0.4,0.1,0.1,0.9
HalfCabUnder5Kn-f2ad097a-321f-4a28-9fca-99675694d78b.jpg,4.0,open,open,0.3,0.3,0.4,0.2,0.9
HalfCabUnder5Kn-f44f71f6-36ee-4985-bf23-91615eb56639.jpg,4.0,open,open,0.6,0.2,0.3,0.1,0.9
HalfCabUnder5Kn-f47f3aee-3143-4773-beaa-2964c80b9b0b.jpg,4.0,open,open,0.4,0.4,0.1,0.1,0.9
HalfCabUnder5Kn-f5ff88ee-c03c-4aef-9251-7e7d4305f96f.jpg,4.0,open,open,0.5,0.5,0.7,0.3,0.9
HalfCabUnder5Kn-f73cc00c-1532-4e9a-a268-35a6d409971a.jpg,4.0,open,open,0.7,0.6,0.6,0.4,0.9
HalfCabUnder5Kn-fb2f1e29-cd54-4564-b4f3-4cfdecb1ea3b.jpg,4.0,open,open,0.7,0.3,0.4,0.2,0.9
HalfCabUnder5Kn-fb3c5994-30ee-4c02-b49c-a7d166345a25.jpg,4.0,open,open,0.7,0.3,0.3,0.2,0.9
HalfCabUnder5Kn-fee7d342-0992-48bf-93b5-5bb8a05f49b6.jpg,4.0,open,open,0.4,0.3,0.3,0.2,0.9
HumanPowered - 20230414_110141M.jpg,4.0,open,humanpowered,0.0,0.3,0.0,0.0,0.5
HumanPowered - 20230414_110146M.jpg,4.0,open,humanpowered,0.0,0.3,0.1,0.0,0.6
HumanPowered - 20230414_110154M.jpg,4.0,open,humanpowered,0.0,0.3,0.0,0.0,0.5
HumanPowered - 20230414_110159M.jpg,4.0,open,humanpowered,0.0,0.4,0.0,0.0,0.6
HumanPowered-0e46a034-54be-473b-89bd-391a824c4a52.jpg,1.0,humanpowered,humanpowered,0.5,0.3,0.2,0.1,0.7
HumanPowered-0f5dde33-3e41-41c7-88b7-ea94a40e1db7.jpg,1.0,humanpowered,humanpowered,0.4,0.7,0.8,0.1,0.6
HumanPowered-25463cc8-0340-4a4b-94a1-b73085e448b4.jpg,1.0,humanpowered,humanpowered,0.6,0.8,0.2,0.1,0.8
HumanPowered-26babc4a-e827-46b9-827f-5918ebf3fb8c.jpg,1.0,humanpowered,humanpowered,0.2,0.8,0.5,0.2,0.7
HumanPowered-2c241a8b-db3b-4864-8eee-ced71ac4a0ed.jpg,1.0,humanpowered,humanpowered,0.8,0.7,0.3,0.2,0.7
HumanPowered-350f1573-fa97-46ac-bfae-1b7e5a748ea1.jpg,1.0,humanpowered,humanpowered,0.3,0.8,0.3,0.1,0.9
HumanPowered-397b7c87-ab3c-4caf-8743-b54620d99c9d.jpg,4.0,open,humanpowered,0.7,0.8,0.7,0.4,0.5
HumanPowered-787640cf-12ad-498d-a407-e676a207c4e8.jpg,1.0,humanpowered,humanpowered,0.6,0.9,0.3,0.2,0.7
HumanPowered-8576d41c-3fbb-4285-bb62-5a19fb90f2d2.jpg,1.0,humanpowered,humanpowered,0.9,0.7,0.3,0.3,0.6
HumanPowered-93635c14-cfc1-4b6a-bfe7-fe4e44e36a5a.jpg,1.0,humanpowered,humanpowered,0.7,0.9,0.3,0.2,0.6
HumanPowered-a69f098f-7ef3-433b-acc7-18b3569d522b.jpg,1.0,humanpowered,humanpowered,0.1,0.9,0.3,0.1,0.6
HumanPowered-af56e4e1-4475-41af-8cde-510db0fb163b.jpg,1.0,humanpowered,humanpowered,0.6,0.9,0.3,0.1,0.6
HumanPowered-c1d270dc-f622-46ef-bda4-ba4b006393bf.jpg,4.0,open,humanpowered,0.4,0.2,0.2,0.1,0.9
HumanPowered-c839ef8d-f76c-4dd8-baec-2eb3d07d0926.jpg,4.0,open,humanpowered,0.8,0.3,0.3,0.1,0.9
HumanPowered-f60b2d7e-8d08-4712-87ff-adcab59d2fc5.jpg,1.0,humanpowered,humanpowered,0.6,0.7,0.3,0.1,0.8
OpenOver5Kn-4051eafa-6bd3-4b3a-95a2-98677747d26b.jpg,4.0,open,open,0.7,0.3,0.3,0.2,0.8
OpenOver5Kn-4383ff5b-e823-4292-baec-c635e2768dae.jpg,4.0,open,open,0.6,0.4,0.6,0.4,1.0
OpenOver5Kn-de487cea-d209-4cf6-b987-44d68b707ed0.jpg,4.0,open,open,0.2,0.4,0.1,0.0,0.8
OpenOver5Kn-f838d97c-3c01-4767-a2eb-9fd017390c1c.jpg,4.0,open,open,0.2,0.5,0.2,0.1,0.9
OpenOver5Kn-fe8d26b6-952e-493b-9cae-3f72fc6a4b01.jpg,4.0,open,open,0.6,0.3,0.4,0.2,1.0
OpenUnder5kn-0b1524ae-166b-4159-8498-b6481f09d43c.jpg,4.0,open,open,0.2,0.3,0.4,0.2,0.6
OpenUnder5kn-5569740a-b7ab-4c52-b426-68f7f1e2d76e.jpg,4.0,open,open,0.6,0.5,0.7,0.3,0.5
OpenUnder5kn-58c9f805-b999-466e-8cd8-581a09b37175.jpg,4.0,open,open,0.1,0.3,0.2,0.2,0.9
OpenUnder5kn-63d4f517-366a-4fec-aaef-6210fb4fd5b2.jpg,4.0,open,open,0.5,0.4,0.6,0.3,0.9
OpenUnder5kn-6d8657e0-99f2-43e8-be09-64d6a6a6eca1.jpg,4.0,open,open,0.5,0.5,0.7,0.3,0.9
OpenUnder5kn-7b372f7a-6624-4f58-8321-58c89ec9cd81.jpg,4.0,open,open,0.5,0.4,0.6,0.3,0.9
OpenUnder5kn-8e902ef4-b53a-45b9-9da4-435e379f5c5b.jpg,4.0,open,open,0.2,0.3,0.5,0.2,0.8
OpenUnder5kn-9435a360-90cd-41a4-83f8-0d062f4207a3.jpg,4.0,open,open,0.2,0.4,0.4,0.2,0.9
OpenUnder5kn-994e20ad-cf7e-47f9-bb24-d1cf59fdc0e0.jpg,4.0,open,open,0.5,0.5,0.6,0.3,0.6
OpenUnder5kn-aa8b06fe-5b08-4475-beae-396c48c85824.jpg,4.0,open,open,0.3,0.3,0.5,0.2,0.9
OpenUnder5kn-b0e278c0-a592-4c4d-bd98-77ca11e1e8dd.jpg,4.0,open,open,0.4,0.5,0.6,0.3,0.9
OpenUnder5kn-c5558165-441c-4ea8-ab91-7c60a9150767.jpg,4.0,open,open,0.3,0.6,0.7,0.3,0.9
OpenUnder5kn-e99aa0f7-9675-4359-9780-1d56ce72486d.jpg,4.0,open,open,0.3,0.4,0.6,0.3,0.9
